1stFlrSF,2ndFlrSF,BsmtExposure,BsmtFinSF1,BsmtUnfSF,GarageArea,GrLivArea,KitchenQual,LotArea,OpenPorchSF,OverallCond,OverallQual,TotalBsmtSF,YearBuilt,YearRemodAdd,SalePrice
1828,0.0,Av,48,1774,774,1828,3,11694,108,5,9,1822,2007,2007,314813
894,0.0,No,0,894,308,894,2,6600,0,5,5,894,1962,1962,109500
964,0.0,No,713,163,432,964,2,13360,0,7,5,876,1921,2006,163500
1689,0.0,No,1218,350,857,1689,3,13265,59,5,8,1568,2002,2002,271000
1541,0.0,No,0,1541,843,1541,3,13704,81,5,7,1541,2001,2002,205000
1221,0.0,No,410,811,400,1221,3,7500,113,5,7,1221,2004,2005,185000
1324,0.0,No,643,445,440,1324,2,8658,138,5,6,1088,1965,1965,160000
696,720.0,No,604,92,484,1416,3,2572,44,5,7,696,1999,1999,155000
526,462.0,Gd,462,0,297,988,2,1596,101,5,4,462,1973,1973,91000
869,349.0,No,375,360,440,1218,2,6000,0,6,6,735,1941,1950,131000
760,896.0,No,0,746,397,1656,3,6931,128,5,7,746,2003,2004,165400
1362,0.0,Av,20,1342,460,1362,3,7577,28,5,6,1362,2005,2006,194700
1051,788.0,No,0,756,442,1839,2,7700,124,5,6,756,1966,1966,155000
1375,0.0,No,0,1367,451,1375,2,11310,30,5,6,1367,1954,1954,140000
1122,n/a,No,144,172,528,1122,3,12000,36,7,5,924,1948,2005,147000
1432,0.0,Gd,680,289,588,1432,3,16157,180,7,5,1360,1978,1978,194000
728,728.0,Av,0,728,400,1456,3,9018,24,5,7,728,2007,2007,179540
1217,0.0,Av,611,577,497,1217,3,9947,27,5,7,1188,1990,1991,173000
1040,0.0,None,0,0,625,1040,2,7200,0,7,5,0,1950,1950,109500
612,612.0,Av,294,318,528,1224,3,3000,234,5,6,612,2009,2009,173733
1022,752.0,No,0,952,468,1774,2,6120,0,5,7,952,1931,1950,129900
961,406.0,No,241,229,384,1367,2,8405,130,8,5,861,1900,1950,119000
803,557.0,No,0,803,297,1360,3,7200,65,6,5,803,1938,1995,125500
848,0.0,Av,697,151,420,848,3,4426,0,5,6,848,2004,2004,149300
1482,780.0,Gd,871,611,749,2262,3,12244,0,5,8,1482,2003,2003,305000
1220,0.0,No,836,0,396,1220,2,8877,0,5,4,836,1951,1951,102000
1414,0.0,No,0,1375,398,1414,3,3072,20,5,7,1375,2004,2004,178740
1134,924.0,No,319,416,396,2058,2,9600,0,5,6,735,1917,1950,129500
1088,110.0,No,0,901,0,1198,2,5586,98,7,6,901,1920,1998,79900
1659,0.0,No,1158,343,499,1659,1,5664,59,5,8,1501,2000,2000,278000
1012,0.0,No,0,1012,308,1012,2,8263,22,5,6,1012,1920,1950,118400
1687,998.0,No,523,301,672,3082,2,15863,63,3,7,824,1920,1970,197000
1032,n/a,No,0,360,672,1812,3,7630,0,9,5,360,1900,1996,140000
1057,872.0,No,738,319,650,1929,3,7050,235,5,7,1057,2001,2001,226000
954,0.0,Av,483,428,576,954,2,10780,0,5,5,911,1976,1976,132500
1838,0.0,Av,1260,578,765,1838,1,14601,68,5,9,1838,2006,2006,315000
1640,0.0,No,728,568,924,1640,3,14778,0,7,6,1296,1954,2006,224000
1148,0.0,No,1148,0,672,1148,2,7931,0,5,5,1148,1959,1959,132500
950,0.0,No,412,251,280,950,2,9758,0,5,5,950,1971,1971,119500
1065,846.0,No,380,397,471,1911,3,9554,81,5,8,777,1993,1994,215000
915,720.0,No,300,765,440,1635,2,8737,38,7,6,1065,1923,1950,210000
1316,0.0,Av,0,1316,440,1316,3,11175,20,5,7,1316,2007,2007,200141
1442,0.0,No,0,1442,615,1442,2,11717,0,6,6,1442,1970,1970,185000
1078,0.0,No,734,344,500,1078,2,12537,0,6,5,1078,1971,2008,149900
1120,0.0,No,932,108,544,1120,0,6970,0,5,4,1040,1961,1961,129000
779,640.0,No,353,55,527,1419,3,7750,0,5,8,408,2002,2002,184100
707,682.0,No,0,651,240,1389,2,3378,0,8,7,651,1946,1992,135000
1063,0.0,No,354,412,280,1063,2,9920,0,5,5,1056,1954,1954,128000
1792,0.0,Gd,1567,225,874,1792,1,11846,49,5,9,1792,2003,2004,374000
1216,n/a,No,897,319,402,1216,2,4500,125,5,6,1216,1998,1998,164000
998,764.0,No,0,596,576,1762,3,7200,0,7,7,596,1920,1950,157000
847,1112.0,Av,0,847,434,1959,3,11796,48,5,7,847,2004,2005,215000
1208,n/a,No,767,441,546,1208,2,11250,42,6,6,1208,1977,1977,165000
874,650.0,No,460,414,315,1524,2,11344,0,5,5,874,1958,1958,144000
796,358.0,No,735,61,240,1154,3,5436,96,8,4,796,1922,2007,125500
1048,0.0,None,0,0,420,1048,2,7200,27,5,5,0,1950,1950,98300
886,0.0,No,0,190,273,886,2,5784,20,8,5,190,1938,1996,91300
943,0.0,Gd,943,0,600,943,2,7032,0,5,5,943,1979,1979,135960
866,902.0,No,400,466,603,1768,3,9803,108,5,7,866,2005,2005,226700
1422,1177.0,No,0,1393,779,2599,3,14774,30,5,9,1393,1999,1999,333168
912,0.0,No,456,456,275,912,2,10150,0,5,5,912,1958,1958,114500
882,0.0,None,0,0,308,882,2,12702,45,5,5,0,1956,1956,97000
1337,0.0,No,266,1139,511,1337,3,4060,68,5,6,1405,1998,1999,181000
2076,0.0,Gd,1386,690,850,2076,1,13891,229,5,10,2076,2006,2006,465000
1328,1203.0,Av,56,1198,752,2531,3,12257,98,5,8,1318,1995,1995,290000
981,787.0,No,569,162,240,1768,3,7200,0,7,5,731,1937,1950,175000
1625,0.0,Gd,1573,0,538,1625,3,4750,0,5,8,1573,2006,2007,235000
1444,700.0,Gd,697,747,389,2144,3,159000,98,7,6,1444,1958,2006,277000
1521,n/a,No,0,1237,880,2775,3,13500,502,9,10,1237,1893,2000,325000
1140,728.0,No,0,585,477,1868,2,12090,112,7,6,585,1984,2003,178000
1525,0.0,Av,1400,125,541,1525,3,9100,36,5,7,1525,2000,2000,235000
1571,0.0,Gd,0,1571,722,1571,3,10991,36,5,8,1571,2007,2007,239000
796,0.0,No,0,796,0,796,2,8777,0,7,5,796,1910,1950,85000
1378,994.0,No,0,994,432,2372,2,6600,287,4,5,994,1892,1965,107500
802,670.0,No,0,384,402,1472,3,10784,0,5,7,384,1991,1992,160000
960,0.0,Av,648,0,364,960,2,10246,0,9,4,648,1965,2001,145000
734,1104.0,Av,0,732,372,1838,2,21930,40,5,5,732,2005,2005,192140
1309,0.0,No,663,0,484,1309,3,10140,0,6,6,1040,1974,1999,181000
2069,574.0,Av,0,2153,694,2643,1,13693,84,5,9,2153,2006,2006,380000
676,455.0,No,0,676,200,1131,2,5720,0,6,5,676,1941,1950,66500
960,1000.0,No,0,960,400,1960,2,7596,0,5,5,960,1952,1952,124500
1144,0.0,No,25,247,336,1144,2,9204,88,5,5,1144,1963,1963,124000
1056,0.0,No,1056,0,576,1056,2,6979,56,5,6,1056,1980,1980,144000
693,0.0,No,0,693,0,693,0,4118,20,4,4,693,1941,1950,52500
1494,0.0,Gd,1200,279,576,1494,3,9236,27,5,6,1479,1997,1997,217000
1646,0.0,Gd,1373,221,482,1646,3,3842,53,5,8,1594,2004,2005,275000
864,0.0,Av,390,474,352,864,2,7180,0,7,5,864,1972,1972,127000
1566,0.0,Av,1078,488,750,1566,3,9000,168,5,8,1566,2008,2008,262500
735,660.0,No,593,130,497,1395,2,12936,116,6,6,723,1972,1972,162000
848,0.0,No,152,628,539,1208,2,6240,23,5,4,780,1925,1950,103000
939,574.0,Mn,0,939,180,1513,2,6120,0,8,5,939,1920,2004,137500
959,408.0,No,425,459,560,1367,2,6240,0,6,6,884,1931,1950,127500
955,0.0,No,763,192,386,955,2,7742,0,7,5,955,1966,1966,127000
1077,0.0,No,0,1007,210,1077,2,9786,100,4,3,1007,1922,1950,91000
1056,0.0,Mn,1056,0,572,1056,2,34650,0,5,5,1056,1955,1955,145000
756,797.0,No,0,756,615,1553,3,8125,45,5,7,756,2005,2006,186500
1614,0.0,Av,20,1594,865,1614,3,11210,59,5,7,1614,2005,2006,221500
2042,0.0,No,0,2042,1390,2042,1,12704,90,5,8,2042,2008,2009,253293
1073,0.0,No,0,1073,326,1073,2,5400,0,6,5,1073,1921,1968,108480
1072,213.0,No,336,295,240,1285,2,8635,0,5,5,672,1948,2001,127000
2117,0.0,Mn,865,340,550,2117,2,12925,42,7,6,1205,1970,1970,237500
605,0.0,Mn,348,180,0,605,2,9098,0,7,4,528,1920,2002,86000
1150,0.0,No,179,465,300,1150,2,7945,0,6,5,1150,1959,1959,141000
728,728.0,No,0,728,400,1456,3,8029,24,5,6,728,2005,2005,176000
999,0.0,Av,867,77,588,999,1,12122,76,9,7,944,1961,2007,178400
750,750.0,No,0,750,564,1500,3,8846,35,5,6,750,2005,2006,173900
1336,0.0,Mn,841,324,375,1336,2,15750,0,5,5,1165,1953,1953,157000
864,729.0,No,759,80,398,1593,2,7415,75,5,6,839,2004,2004,193000
1130,1054.0,Av,936,168,836,2184,1,11308,102,5,9,1104,2008,2008,335000
1560,0.0,No,0,1560,573,1560,3,9196,150,5,7,1560,2003,2003,201000
888,n/a,No,386,342,312,1644,3,9480,0,7,5,728,1942,1995,146500
630,0.0,Av,515,115,286,630,3,1526,0,8,4,630,1970,2002,86000
1113,0.0,No,751,392,504,1113,2,7917,30,7,6,1143,1976,1976,148000
1071,1101.0,No,0,1063,947,2172,3,14154,62,5,7,1063,2006,2006,280000
796,550.0,No,0,560,384,1346,2,11767,24,7,4,560,1910,2000,112000
1184,1426.0,Av,64,1120,550,2610,1,9000,364,5,8,1184,2007,2007,303477
1026,932.0,No,0,1026,936,1958,3,10625,210,5,7,1026,2005,2005,250000
1468,0.0,No,0,1468,898,1468,3,9612,150,5,8,1468,2008,2009,244600
1302,432.0,None,0,0,539,1734,3,10125,0,5,5,0,1977,1977,126000
768,432.0,No,352,416,240,1200,2,11767,0,6,5,768,1946,1995,130500
1112,438.0,No,812,280,438,1550,3,8125,168,5,7,1092,2006,2007,241000
954,795.0,No,0,795,440,2230,2,6204,188,5,4,795,1912,1950,118500
1166,0.0,No,0,1064,240,1639,2,10480,0,5,6,1064,1936,1950,115000
864,0.0,No,521,169,624,864,2,9100,0,5,5,864,1958,1958,129900
1621,0.0,Mn,213,995,440,1621,3,14145,45,7,7,1208,1984,1998,202500
483,504.0,No,162,321,264,987,3,1680,0,8,6,483,1972,2007,118000
1238,1281.0,Gd,965,245,628,2519,3,26178,27,5,7,1210,1989,1990,335000
765,600.0,No,765,0,440,1365,2,2368,36,6,5,765,1970,1970,125000
1149,1141.0,Mn,0,1128,779,2290,3,11250,0,5,8,1128,2002,2002,255900
1249,1347.0,Av,0,1249,840,2596,3,16259,154,5,9,1249,2006,2006,342643
907,0.0,No,288,619,352,907,2,8593,0,6,4,907,1957,1957,109008
855,n/a,No,566,289,440,1456,2,2280,0,6,6,855,1976,1976,148500
1190,0.0,Av,803,303,540,1190,2,7728,18,6,5,1106,1962,1962,132500
858,0.0,No,322,536,684,858,2,7340,0,6,4,858,1971,1971,110000
2223,0.0,Gd,1880,343,516,2223,2,13651,0,6,7,2223,1973,1973,244000
1005,0.0,No,0,1005,672,1005,0,10434,0,5,4,1005,1955,1955,115000
1086,809.0,No,0,712,409,1895,3,10832,46,5,7,712,1994,1996,194500
1040,0.0,No,906,134,384,1040,2,11200,0,5,5,1040,1965,1965,129500
1264,0.0,No,697,571,461,1264,2,9300,0,5,5,1268,1960,1960,167500
874,887.0,No,0,874,578,1761,3,10207,105,6,7,874,2007,2007,227875
1034,0.0,Av,539,473,888,1034,2,12328,0,5,6,1012,1976,1976,169900
1363,0.0,Gd,226,96,439,1363,2,39104,0,7,7,1385,1954,2005,241500
1689,0.0,No,0,1436,480,1689,2,9855,0,5,6,1436,1956,1956,127500
2113,0.0,Gd,1696,413,839,2113,3,10437,46,6,8,2109,1995,1995,350000
1573,0.0,No,788,785,544,1573,3,9808,72,5,7,1573,2002,2002,227000
2364,0.0,Gd,2188,142,820,2364,1,12919,67,5,9,2330,2009,2010,611657
1057,977.0,No,739,318,645,2034,3,9375,36,5,7,1057,1997,1998,219500
1291,0.0,Mn,1003,288,431,1291,3,2887,0,5,6,1291,1996,1997,173000
858,0.0,Gd,696,162,0,858,2,7207,0,7,5,858,1958,2008,116500
698,560.0,Mn,204,356,280,1258,2,9060,0,5,6,560,1939,1950,105000
438,0.0,No,290,0,246,438,0,8400,0,5,2,290,1920,1950,60000
672,728.0,No,209,463,440,1400,2,7844,0,7,6,672,1978,1978,149500
954,0.0,No,0,920,240,954,0,6305,0,7,5,920,1938,1950,119750
1445,0.0,Gd,564,563,645,1445,2,12095,0,6,6,1127,1964,1964,158000
1072,0.0,Gd,459,88,525,1072,2,3675,28,5,6,547,2005,2005,148000
1664,0.0,None,0,0,0,1664,2,9825,0,5,5,0,1965,1965,100000
1445,689.0,No,0,844,441,2134,3,11888,60,6,6,844,1916,1994,214500
1940,1254.0,Mn,428,537,380,3194,2,12168,0,6,8,965,1934,1998,359100
912,912.0,Av,0,912,0,1824,2,9400,0,5,6,912,1971,1971,139000
888,868.0,No,742,130,422,1756,2,9303,122,5,6,872,1996,1997,204000
912,0.0,No,595,317,576,912,3,8872,240,8,5,912,1965,2008,147000
1509,0.0,Av,783,678,600,1509,3,10200,0,5,6,1461,1988,1989,175000
1160,448.0,No,264,712,216,1608,3,6171,16,6,6,976,1925,1990,137450
1316,0.0,No,28,1288,397,1316,3,10237,0,5,6,1316,2005,2006,169990
1015,0.0,No,489,279,450,1015,2,6120,0,7,5,768,1925,1950,88000
756,378.0,No,312,444,240,1134,2,8160,0,6,5,756,1940,1950,126000
1636,0.0,No,63,1560,865,1636,3,13501,60,5,8,1623,2006,2006,255000
660,660.0,No,0,660,400,1320,3,7750,48,5,7,660,2003,2003,162000
1160,966.0,Gd,249,0,538,2126,2,28698,0,5,5,1013,1967,1967,185000
1128,0.0,Mn,776,344,525,1128,2,8700,20,6,5,1120,1963,1963,155000
1306,0.0,Mn,860,132,756,1306,2,8712,0,7,5,992,1957,2000,153000
798,546.0,No,0,546,0,1344,2,1533,0,6,4,546,1970,2008,97000
1576,978.0,No,0,718,704,2554,2,10800,48,8,7,718,1890,1998,159500
893,0.0,No,220,625,576,893,3,9600,0,7,5,845,1949,2003,135000
894,1039.0,Mn,0,894,668,1933,3,14598,18,5,6,894,2007,2007,214000
672,546.0,No,356,316,264,1218,2,1890,28,5,6,672,1973,1973,113000
1161,808.0,No,0,808,534,1969,2,11952,0,6,7,808,1977,1977,190000
1220,870.0,No,1079,141,556,2090,3,10000,65,5,8,1220,1995,1996,240000
1484,0.0,Av,998,486,487,1484,2,12243,0,6,5,1484,1971,1971,175000
1656,0.0,No,0,1656,506,1656,2,9246,211,5,5,1656,1973,1973,135000
818,406.0,No,468,350,210,1224,2,3950,0,8,6,818,1926,2004,115000
1022,1032.0,No,695,297,390,2054,3,12224,48,5,6,992,2000,2000,244000
854,0.0,No,0,832,576,854,2,6120,112,8,7,832,1929,2001,132000
546,546.0,No,334,212,286,1092,2,1974,96,5,4,546,1973,1973,83500
1268,0.0,Av,196,1072,252,1268,3,9286,0,7,5,1268,1977,1989,143500
827,834.0,Av,385,70,550,1661,3,10667,61,6,7,799,1996,1996,212000
1668,0.0,Av,370,315,502,1668,3,10635,262,5,8,1657,2003,2003,232000
1493,0.0,Gd,994,484,508,1493,3,13125,39,5,6,1478,1997,1998,208900
932,0.0,No,0,932,306,932,3,8280,0,5,6,932,1950,1950,124000
1277,0.0,Gd,778,499,526,1277,2,10628,0,5,7,1277,1970,1970,167000
1530,0.0,Av,1300,230,630,1530,3,14572,36,5,7,1530,2004,2004,259000
1344,0.0,No,457,193,484,1344,2,9503,28,5,5,1024,1958,1983,144000
860,0.0,Av,672,168,528,860,2,8740,0,6,5,840,1982,1982,137000
1314,0.0,No,904,410,626,1314,3,5001,62,5,7,1314,2007,2008,230000
1391,571.0,Mn,464,927,868,1962,3,8760,90,5,7,1391,2006,2006,239799
788,702.0,Av,724,64,388,1490,3,15384,75,5,7,788,2004,2005,184000
848,0.0,Av,662,186,420,848,3,4426,0,5,6,848,2004,2004,143000
672,0.0,No,0,672,240,672,2,10200,0,8,5,672,1940,1997,108000
1188,1152.0,No,275,877,252,2340,3,9042,60,9,7,1152,1941,2006,266500
808,704.0,No,0,660,180,1656,2,10410,0,7,5,660,1916,1987,135000
725,754.0,No,626,99,484,1479,3,7472,32,9,7,725,1972,2004,184000
1226,0.0,No,0,1226,740,1226,3,10402,36,5,7,1226,2009,2009,198900
976,1111.0,Gd,568,264,444,2087,3,12205,168,8,6,832,1966,2007,187500
1158,0.0,No,941,217,576,1158,3,13072,50,5,6,1158,2004,2004,158000
1154,0.0,Mn,740,184,480,1154,2,11000,58,6,5,1154,1966,1966,154000
880,844.0,Av,0,880,527,1724,3,8924,155,5,7,880,1998,1999,188000
773,885.0,No,219,554,431,1658,2,8000,84,5,6,773,1995,1996,188000
1126,0.0,None,0,0,520,1126,3,8777,96,5,4,0,1949,2003,108000
872,521.0,No,0,816,300,1393,2,16466,0,7,5,816,1955,1955,135500
1968,1479.0,Mn,192,536,1014,3447,3,14100,12,9,8,728,1935,1997,381000
483,504.0,No,309,174,264,987,2,1953,0,5,6,483,1973,1973,83000
808,547.0,No,351,112,0,1355,2,10106,0,7,5,644,1940,1999,127500
2069,0.0,Gd,425,160,505,2069,3,27650,0,7,7,585,1960,2007,242000
757,n/a,No,549,195,440,1501,2,2280,0,5,7,744,1999,1999,179400
1976,0.0,Gd,1350,626,908,1976,3,14977,63,5,8,1976,2006,2007,440000
1563,0.0,No,33,1530,758,1563,3,10206,99,5,8,1563,2007,2007,245000
572,539.0,No,0,572,288,1111,2,5700,0,7,7,572,1926,1950,116900
851,651.0,No,0,776,270,1502,2,7200,0,6,7,776,1931,2000,149000
1733,0.0,None,0,0,452,1733,2,13680,0,5,3,0,1955,1955,139600
1848,880.0,No,1410,438,706,2728,1,20431,0,5,9,1848,2005,2006,437154
630,672.0,No,231,399,264,1302,2,1680,0,7,5,630,1972,1972,119500
1332,192.0,Gd,1258,74,586,1524,3,23595,0,6,7,1332,1979,1979,260000
1120,468.0,None,0,0,680,1588,2,17120,59,4,4,0,1959,1959,134432
1125,0.0,No,0,1125,430,1125,2,8536,64,5,5,1125,2006,2007,155000
520,600.0,No,0,600,480,1200,3,3180,166,5,7,600,2005,2005,151000
798,842.0,No,0,798,520,1640,3,8366,45,5,6,798,2004,2004,173000
1223,904.0,No,1000,223,525,2127,3,10944,132,5,7,1223,1994,1994,271000
972,0.0,No,680,292,240,972,2,8000,0,6,6,972,1948,2002,132000
1142,878.0,No,584,544,466,2020,3,9828,155,5,8,1128,1995,1995,239500
1144,n/a,Av,739,405,596,1144,2,9571,0,6,5,1144,1956,1956,129000
1352,0.0,Av,300,468,288,1352,3,6930,0,4,5,1062,1958,1958,130000
926,0.0,No,234,0,484,1316,2,5500,0,7,5,926,1929,2001,130000
1086,838.0,Av,956,130,592,1924,3,12011,75,5,8,1086,1998,1998,280000
1164,0.0,No,1040,124,240,1164,2,10880,48,5,5,1164,1950,1950,125000
952,0.0,Mn,852,100,840,952,2,7350,0,7,5,952,1951,1951,139000
938,1215.0,No,259,425,0,2358,2,5250,54,5,8,684,1872,1987,122000
1680,0.0,No,808,72,540,1680,3,21695,44,9,6,880,1988,2007,222000
1221,691.0,No,0,482,672,1912,2,10800,25,7,6,482,1905,2000,163000
1004,0.0,No,578,426,480,1004,2,11241,0,7,6,1004,1970,1970,149000
774,456.0,No,384,363,305,1230,2,4712,57,7,4,747,1946,1950,121600
1167,0.0,No,645,270,495,1167,2,8731,0,5,5,915,1920,1950,144000
1301,0.0,Mn,405,740,440,1301,0,6911,0,5,5,1145,1924,1950,100000
1453,0.0,Gd,1082,371,445,1453,3,5271,80,5,7,1453,1986,1986,190000
1601,0.0,Av,1358,223,670,1601,3,11423,0,5,8,1581,2001,2002,272000
1588,0.0,Av,0,1588,825,1588,3,10000,45,5,8,1588,2006,2006,227000
1095,0.0,Gd,513,75,264,1095,2,10382,0,5,6,588,1958,1958,140000
1050,0.0,No,915,135,368,1050,2,10659,319,6,5,1050,1961,1961,136500
960,0.0,No,520,440,432,960,2,10921,0,5,4,960,1965,1965,94750
1002,454.0,Mn,0,810,280,1456,2,7585,0,3,5,810,1948,1950,91500
1489,0.0,No,0,1489,462,1489,3,9156,0,7,6,1489,1968,1968,185750
1726,0.0,No,1126,600,786,1726,1,9416,138,5,7,1726,2007,2007,311872
1362,720.0,No,0,1362,484,2082,3,11426,238,5,7,1362,2003,2003,200000
1339,0.0,No,1053,256,484,1339,2,8049,58,5,7,1309,1990,1990,180000
1310,1140.0,Mn,781,503,1069,2450,3,16545,126,5,8,1284,1998,1998,340000
879,984.0,Av,0,879,660,1863,3,14054,17,5,7,879,2006,2006,219210
768,0.0,Av,656,112,396,768,2,8445,0,7,5,768,1972,2007,133000
334,0.0,None,0,0,0,334,0,5000,0,3,1,0,1946,1950,39300
1136,0.0,No,892,244,384,1136,2,9200,0,6,6,1136,1965,1965,140000
1337,0.0,No,1201,36,405,1337,2,4500,199,5,6,1237,1998,1998,153500
912,0.0,No,312,0,288,912,2,7800,0,5,5,912,1964,1964,115000
876,936.0,No,540,324,264,1812,2,7590,168,5,5,864,1962,1962,169500
1052,720.0,No,378,342,240,2192,3,8400,24,8,5,720,1939,1997,179500
658,526.0,No,0,658,0,1184,2,8410,151,3,5,658,1910,1996,81000
964,925.0,No,0,925,308,1889,2,10120,0,4,7,925,1910,1950,122000
1327,0.0,No,405,658,624,1327,3,7388,0,6,5,1063,1959,2002,150750
1422,0.0,No,588,606,576,1422,3,12090,0,6,6,1422,1981,1981,175500
1632,0.0,Av,0,1632,576,1632,2,25000,0,4,5,1632,1967,1967,143000
1630,0.0,No,0,1630,451,1630,3,9750,234,5,7,1630,2000,2001,213000
1013,0.0,No,0,1013,0,1526,0,8470,0,2,3,1013,1915,1982,85000
1040,0.0,None,0,0,420,1040,2,7200,0,5,4,0,1949,1950,90000
841,806.0,No,0,806,216,1647,0,6858,66,4,6,806,1915,1950,128000
1328,653.0,No,622,500,576,1981,3,7804,44,3,4,1122,1928,1950,135000
1644,0.0,No,1285,131,418,1644,2,9600,0,5,6,1416,1953,1953,167000
1482,1092.0,No,0,1482,868,2574,1,9588,148,5,8,1482,2007,2007,276000
1060,764.0,No,0,764,520,1824,2,13515,0,6,6,764,1919,1950,180500
1350,0.0,Gd,624,288,520,1350,2,9020,0,5,6,1248,1964,1964,168500
958,0.0,No,958,0,440,958,2,4928,60,6,6,958,1976,1976,143750
1053,795.0,No,0,833,370,1848,3,13053,0,7,6,833,1923,2000,207000
1620,0.0,No,1116,165,490,1620,2,9991,78,4,4,1281,1976,1993,150000
1167,0.0,No,560,598,400,1167,3,9248,26,6,6,1158,1992,1992,173000
798,n/a,No,94,641,220,1487,2,8741,140,4,6,735,1945,1950,113000
892,0.0,No,432,460,288,892,2,7150,0,5,5,892,1967,1967,100000
804,0.0,No,510,278,240,804,3,7200,0,7,5,788,1940,1992,119000
1140,0.0,No,0,1140,0,1140,2,17217,56,5,5,1140,2006,2006,84500
983,813.0,No,400,380,483,1796,2,7056,50,5,6,780,1963,1963,140000
1118,912.0,No,156,692,551,2030,3,12046,224,6,6,848,1976,1976,195000
1026,981.0,Av,765,252,812,2007,1,11003,52,5,10,1017,2008,2008,310000
691,0.0,No,0,691,216,691,1,5400,20,6,5,691,1920,1950,86000
786,n/a,No,0,768,676,1590,3,9000,30,5,8,768,2008,2008,210000
1216,639.0,No,444,550,325,1855,2,9525,0,4,6,994,1954,1972,136900
1028,776.0,No,0,994,442,1804,3,7500,60,5,7,994,1999,1999,189000
884,884.0,No,550,334,543,1768,3,8158,63,5,7,884,2003,2003,224900
1831,1796.0,Gd,1387,543,807,3627,3,35760,76,5,10,1930,1995,1996,625000
1298,n/a,No,1258,40,403,1298,3,11200,26,5,6,1298,1985,1985,180000
1801,0.0,No,1247,254,484,1801,2,15602,54,8,7,1501,1959,1997,289000
630,0.0,Av,553,77,0,630,1,1533,0,7,5,630,1970,1970,92000
1103,0.0,No,397,706,440,1103,3,6000,120,6,6,1103,1925,1980,110500
859,319.0,Mn,0,859,384,1178,2,8712,0,7,4,859,1900,1950,102776
1196,0.0,No,197,999,440,1196,2,4800,0,7,4,1196,1916,1990,109900
1372,n/a,No,0,1372,529,1372,3,8640,140,5,7,1372,2007,2008,250580
1431,0.0,Gd,371,728,296,1431,2,9150,110,5,6,1099,1962,1962,165000
1422,0.0,Av,0,1422,626,1422,3,8500,60,5,7,1422,2004,2004,179600
1079,874.0,Av,985,595,501,1953,3,53107,231,5,6,1580,1992,1992,240000
1121,0.0,No,0,1121,440,1121,2,8546,64,5,4,1121,2003,2004,140000
1143,1330.0,Av,0,1143,852,2473,3,9591,151,5,8,1143,2004,2005,317000
1057,0.0,No,417,640,576,1057,2,7420,0,5,5,1057,1962,1962,132000
1110,0.0,Av,1097,0,602,1110,3,9101,30,6,5,1097,1978,1978,165500
1164,1106.0,No,524,628,671,2270,3,11764,57,7,8,1152,1999,2007,290000
2018,0.0,Gd,0,2002,746,2018,1,13214,76,5,9,2002,2008,2009,378500
672,714.0,Mn,438,234,440,1386,2,11616,0,5,6,672,1978,1978,158900
1082,871.0,Mn,0,1082,1043,1953,3,10574,50,5,8,1082,2005,2006,252000
1337,0.0,No,733,604,462,1337,3,5395,0,5,8,1337,1993,1993,180000
997,1288.0,No,0,969,648,2285,3,11000,56,5,8,969,2000,2000,248000
1718,0.0,Gd,1288,417,826,1718,3,10637,44,5,8,1705,2007,2008,297000
1086,0.0,Av,516,380,484,1086,2,13400,0,5,5,1024,1966,1966,159950
1555,0.0,No,0,1373,660,1555,3,3684,20,5,7,1373,2007,2007,174000
1902,0.0,Av,1406,496,567,1902,1,17500,207,8,7,1902,1959,2002,335000
1298,1216.0,No,1216,0,693,2514,2,11170,0,5,7,1216,1990,1991,250000
1224,0.0,Av,1086,0,528,1224,2,7018,0,5,5,1086,1979,1979,153337
1054,0.0,No,602,14,460,1054,2,9750,0,8,6,1054,1969,1969,151000
1276,1336.0,No,854,371,676,2612,3,12203,0,5,8,1225,1998,1999,336000
902,0.0,No,599,277,288,902,2,6173,0,6,5,876,1967,1967,125500
1153,n/a,No,692,153,484,2353,1,13005,195,7,7,845,1980,1980,260000
689,703.0,No,378,311,299,1392,2,10900,36,7,6,689,1977,1977,161750
1155,0.0,Av,899,210,576,1155,3,11782,0,7,5,1109,1961,1995,148000
1136,768.0,No,180,676,240,1904,2,7200,0,4,5,1208,1950,1982,138000
950,208.0,No,0,862,208,1158,2,6000,0,7,6,862,1929,1950,120000
751,611.0,Mn,0,611,502,1362,2,6155,0,8,6,611,1920,1999,128000
1005,1286.0,No,0,975,429,2291,3,8738,0,5,7,975,1999,1999,230000
649,668.0,No,0,649,250,1317,2,8500,54,4,4,649,1920,1950,40000
1734,0.0,No,1004,730,928,1734,1,12085,0,5,8,1734,2007,2007,318000
1194,0.0,No,0,1194,312,1194,2,8760,0,6,6,1194,1959,1959,148000
876,540.0,Mn,0,876,720,1416,2,12665,0,8,5,876,1915,1950,153900
1383,0.0,Mn,1064,319,354,1383,2,13284,116,5,5,1383,1954,1954,165000
1001,1001.0,No,284,717,871,2002,2,6270,0,6,5,1001,1949,1950,145000
1496,0.0,Av,0,1496,474,1496,3,9158,130,5,8,1496,2007,2007,225000
984,620.0,No,408,156,660,1604,2,10998,68,5,5,984,1941,1960,117000
764,0.0,No,0,680,504,764,2,5232,0,5,5,680,1925,2004,73000
977,755.0,No,0,741,476,1732,3,9206,46,5,6,741,1985,1985,178000
1494,0.0,Av,0,1494,840,1494,3,10652,33,5,7,1494,2006,2007,279500
986,0.0,No,0,960,180,986,2,6180,128,5,6,960,1926,1950,102000
1145,0.0,No,16,1129,397,1145,3,3182,16,5,7,1145,2005,2006,160200
742,742.0,No,0,742,0,1484,2,6300,291,6,6,742,1914,2001,128000
1344,0.0,No,111,354,525,1344,3,14375,118,6,6,819,1958,1958,137500
958,581.0,No,0,650,686,1539,3,10440,78,8,5,650,1904,2002,157500
1134,1370.0,No,0,1122,656,2504,1,11198,39,5,9,1122,2005,2007,325000
747,0.0,Mn,0,600,528,747,2,5825,0,5,4,600,1926,1953,79900
1108,989.0,Av,975,133,583,2097,3,9750,170,6,7,1108,1998,1998,274300
3138,1538.0,Gd,2260,878,884,4676,1,40094,406,5,10,3138,2007,2008,184750
786,390.0,No,0,698,624,1176,2,6000,0,9,6,698,1937,2000,134900
720,0.0,No,495,225,0,720,2,7879,523,5,4,720,1920,1950,34900
1580,0.0,No,0,1580,830,1580,3,11932,24,5,8,1580,2007,2008,235128
1440,0.0,Gd,1440,0,0,1440,2,7711,0,3,4,1440,1977,1977,150000
738,n/a,No,193,545,540,1476,3,8633,35,5,6,738,2005,2005,173500
1500,0.0,Av,20,1480,570,1500,3,8487,36,5,7,1500,2004,2004,190000
884,464.0,No,0,884,216,1348,2,6000,0,8,5,884,1925,1997,117000
1200,0.0,Mn,661,203,884,1200,3,9230,64,8,5,864,1965,1998,146000
1394,0.0,No,609,785,514,1394,2,9500,76,5,6,1394,1963,1963,159000
800,832.0,No,400,336,484,1632,3,9130,40,8,6,800,1966,2000,173000
912,0.0,No,842,70,336,912,2,8521,0,5,5,912,1967,1967,125000
1370,1254.0,No,1128,242,864,2624,2,22420,0,6,6,1370,1918,1950,239000
1696,0.0,No,0,1140,349,1696,2,13673,30,5,5,1140,1962,1962,143900
682,548.0,No,0,440,440,1230,2,10440,0,6,5,440,1910,1981,110000
1549,1178.0,No,297,556,440,2727,3,10570,74,8,8,853,1932,1994,315000
728,728.0,No,0,728,429,1456,2,15578,0,5,6,728,2006,2006,172785
864,0.0,No,375,250,660,864,3,6960,0,6,4,864,1970,1970,120500
970,739.0,No,0,970,380,1709,3,2522,40,5,6,970,2004,2006,130000
810,855.0,No,643,167,528,1665,3,8400,45,6,8,810,2001,2001,227000
1372,1274.0,Gd,987,360,656,2646,3,9900,60,5,7,1347,1993,1993,260000
798,n/a,No,0,798,595,1640,3,7226,45,5,7,798,2003,2003,183000
1014,685.0,Mn,440,538,420,1699,2,10615,74,5,3,978,1900,1970,95000
1663,0.0,Gd,1116,248,529,1663,3,53227,137,6,4,1364,1954,1994,256000
1728,0.0,No,1332,396,504,1728,2,9100,0,5,5,1728,1963,1963,125000
1055,790.0,No,0,1055,462,1845,3,11218,104,5,6,1055,1992,1992,189000
1020,831.0,Gd,536,169,440,1851,3,9760,42,8,6,822,1964,1993,187000
1489,0.0,No,0,1489,776,1489,3,11216,140,5,8,1489,2006,2006,232600
864,0.0,No,612,252,300,864,2,9100,0,6,6,864,1959,1959,127500
1256,0.0,No,830,136,276,1256,2,9937,68,6,5,1256,1965,1965,147500
816,0.0,No,816,0,816,816,2,6600,0,8,5,816,1982,2003,138000
902,918.0,Gd,454,410,492,1820,3,13700,84,6,7,864,1965,1988,201800
912,1215.0,Mn,48,422,833,2127,3,13125,192,5,7,1104,1991,1991,238000
1065,0.0,No,0,1065,461,1065,2,8892,0,5,5,1065,1960,1960,126500
1200,0.0,No,0,1200,312,1200,2,11340,0,5,6,1200,1923,1950,125000
1208,0.0,Av,686,501,632,1208,3,6762,61,5,7,1187,2006,2006,206000
1133,1349.0,Gd,0,1094,642,2482,3,12665,39,5,8,1094,2005,2006,281213
1720,n/a,No,919,801,527,1720,3,10593,56,5,7,1720,1996,1996,260400
840,0.0,No,116,556,0,840,2,4388,0,7,5,672,1930,1950,87000
1294,0.0,No,1200,78,496,1294,3,7153,51,5,6,1278,1991,1991,179200
1090,0.0,No,980,110,450,1090,2,7024,49,5,5,1090,2005,2006,157000
1165,n/a,No,0,1141,420,2263,3,12090,123,5,8,1141,1998,1998,258000
969,0.0,Av,716,253,440,969,2,10356,0,6,5,969,1975,1975,122000
894,0.0,No,0,894,1248,894,2,18000,20,4,3,894,1935,1950,81000
1028,n/a,No,0,1008,360,1028,2,8960,0,6,5,1008,1927,1950,115000
979,979.0,No,484,495,492,1958,2,7136,0,6,6,979,1946,1950,145000
1795,0.0,Av,0,1795,895,1795,3,9986,49,5,8,1795,2006,2007,147000
1940,0.0,Av,1646,284,606,1940,1,10159,95,5,9,1930,2009,2010,395192
1178,0.0,No,1084,92,439,1178,3,10000,0,6,5,1176,1973,2000,157000
810,672.0,No,156,516,400,1482,0,12155,0,8,6,672,1925,1950,140000
1428,0.0,No,0,1417,554,1428,1,12274,60,5,7,1417,2008,2008,227680
864,0.0,Av,460,404,338,864,2,15523,0,6,5,864,1972,1972,133500
616,495.0,Mn,236,0,200,1111,2,9084,0,6,5,616,1941,1950,95000
680,790.0,No,310,370,420,1470,2,9765,63,8,6,680,1993,1993,185000
1116,0.0,No,0,1116,440,1116,2,10000,0,6,6,1116,1962,1962,160000
864,n/a,No,414,450,288,864,3,7332,0,6,6,864,1959,1959,120000
1297,0.0,No,1213,84,498,1297,2,8532,0,6,5,1297,1954,1990,153000
1113,0.0,No,607,506,264,1113,3,9600,80,7,5,1113,1950,2007,147000
1501,0.0,Gd,679,811,577,1501,3,10335,29,5,7,1490,1999,1999,204000
764,783.0,Mn,24,732,614,1547,3,8640,45,5,7,756,2009,2009,215200
991,956.0,No,222,769,678,1947,3,12552,136,5,7,991,2004,2005,254900
1717,0.0,Av,0,1709,908,1717,3,11146,39,5,8,1709,2006,2006,255500
1052,0.0,Av,504,506,440,1052,2,8816,0,7,6,1010,1971,1971,155000
1127,886.0,Av,862,255,455,2013,2,9920,130,5,7,1117,1996,1997,269790
1266,0.0,Av,0,1266,388,1266,3,3182,16,5,7,1266,2007,2007,159895
1992,876.0,Av,240,1752,716,2868,1,16056,108,5,9,1992,2005,2006,556581
980,1276.0,No,300,652,554,2256,3,8795,54,5,7,952,2000,2000,236000
1414,0.0,Av,24,1390,494,1414,3,8773,105,5,7,1414,2004,2004,185500
936,785.0,No,814,114,471,1721,3,8462,87,5,6,928,1994,1994,201000
811,741.0,No,550,163,434,1552,2,11475,208,6,6,713,1975,1975,179900
698,430.0,No,0,698,528,1128,2,7500,0,4,4,698,1920,1950,68400
1118,0.0,Av,522,574,358,1118,2,9880,0,6,6,1096,1977,1977,171000
1728,0.0,Gd,936,396,574,1728,2,12640,0,5,6,1728,1976,1976,150900
1686,762.0,No,1361,88,711,2448,3,46589,76,7,8,1629,1994,2005,402000
1473,0.0,Gd,1324,113,452,1473,1,25095,48,8,5,1437,1968,2003,143000
1187,530.0,Mn,902,254,400,1717,3,13758,36,5,7,1156,1990,1991,187500
1166,0.0,Gd,655,201,400,1166,3,9587,0,5,7,856,2005,2005,190000
1370,0.0,Mn,24,1346,484,1370,3,6442,49,5,8,1370,2006,2006,202500
1724,0.0,Av,528,1152,480,1724,2,17871,0,5,6,1680,1967,1976,197900
970,739.0,No,0,970,380,1709,3,2522,40,5,7,970,2004,2004,130000
483,n/a,No,358,125,264,987,2,1680,0,3,6,483,1971,1971,89500
901,901.0,No,352,441,216,1802,2,7588,0,6,7,793,1920,1950,200100
1170,1175.0,No,503,449,360,2345,2,16560,0,8,6,952,1932,1950,239000
1068,0.0,No,663,396,264,1068,2,8414,0,8,6,1059,1963,2003,154500
1617,0.0,No,165,598,533,1617,3,8012,69,5,6,1604,1993,1994,193000
1244,0.0,No,777,467,336,1244,2,11988,40,6,6,1244,1957,1957,150000
1180,0.0,No,0,700,252,1180,0,11600,0,5,4,700,1922,1950,137500
520,623.0,No,0,600,480,1223,3,2544,166,5,7,600,2005,2005,147400
1686,0.0,No,625,0,612,1686,2,10240,131,6,6,1686,1980,1980,207500
1646,0.0,Gd,1513,125,800,1646,3,9520,44,5,8,1638,2007,2008,293077
1144,0.0,No,594,270,264,1144,2,10000,0,6,5,864,1961,1983,131400
939,858.0,Av,0,939,639,1797,3,9245,53,5,7,939,2006,2006,213500
1224,0.0,None,0,0,462,1224,2,9842,0,5,4,0,1962,1962,101800
992,873.0,No,735,257,839,1865,3,10316,184,5,7,992,2000,2000,235000
1056,0.0,No,846,210,308,1056,2,8176,0,6,5,1056,1958,1992,139000
1966,1174.0,No,0,1926,820,3140,1,13518,78,5,9,1926,2008,2009,485000
1212,0.0,Av,506,0,492,1212,2,8471,12,7,6,506,1977,1995,151000
1694,0.0,Av,1369,317,636,1694,3,10084,57,5,8,1686,2004,2005,307000
802,709.0,Av,714,88,413,1511,2,11207,75,5,6,802,1997,1997,185000
1057,0.0,No,731,326,246,1057,3,7922,52,7,5,1057,1953,2007,109000
1246,1044.0,No,0,777,560,2290,2,11340,0,6,4,777,1885,1950,122500
1377,806.0,No,1002,0,786,2183,3,13837,0,5,7,1204,1988,1988,229000
1699,1523.0,Mn,1470,203,594,3222,3,12376,0,5,7,1673,1990,1990,320000
909,807.0,No,0,880,512,1716,3,8750,120,5,7,880,1996,1996,191000
1342,0.0,No,251,491,457,1342,2,9790,0,5,6,1372,1967,1967,161500
1504,0.0,No,16,1330,437,1504,3,3182,20,5,7,1346,2005,2006,191000
1053,n/a,No,0,1053,648,1992,3,9375,45,5,8,1053,2003,2004,250000
624,628.0,No,510,90,462,1252,3,2160,48,5,7,600,1999,2000,160000
999,0.0,No,588,411,264,999,3,7758,132,7,5,999,1962,2001,132500
741,622.0,No,0,622,528,1363,2,7740,0,7,4,622,1910,1950,125500
1165,0.0,Gd,312,276,490,1165,2,9020,129,7,6,1127,1966,1966,174900
1668,0.0,Av,1059,567,702,1668,3,11248,45,5,9,1626,2002,2002,285000
1158,1218.0,Av,0,1158,853,2376,3,14215,154,5,8,1158,2005,2006,325300
889,551.0,No,0,540,352,1440,2,5000,0,4,5,540,1900,1950,79000
794,676.0,Av,182,612,388,1470,2,13869,75,6,6,794,1997,1997,177000
1541,0.0,Mn,1201,340,532,1541,3,12182,70,5,7,1541,2005,2005,220000
1440,0.0,No,133,1307,0,1440,0,12108,0,4,4,1440,1955,1955,118000
1146,0.0,Av,786,82,438,1146,3,9590,22,5,7,868,2003,2003,187500
1494,0.0,Av,437,0,481,1494,1,9549,30,5,8,1494,1995,1996,270000
1462,n/a,No,1170,292,738,2224,1,8834,0,5,9,1462,2004,2005,350000
820,523.0,No,0,731,186,1343,2,7681,0,6,5,731,1921,1950,154900
1210,1242.0,No,281,747,683,2452,3,16226,50,5,8,1028,1998,1999,267000
1127,850.0,No,442,374,540,1977,2,9500,52,6,6,816,1964,1978,165000
1064,703.0,No,495,354,504,1767,3,5306,35,7,7,1064,1987,1987,239000
1324,n/a,No,863,461,550,1324,3,6240,38,5,8,1324,2006,2006,254000
912,546.0,No,0,912,330,1458,2,17503,0,5,6,912,1948,1950,97500
1314,0.0,No,24,1290,440,1314,3,9317,22,5,6,1314,2006,2006,176432
1575,0.0,No,430,1145,529,1575,3,8012,0,5,6,1575,1992,1992,179200
1620,0.0,Gd,1022,598,912,1620,1,12898,0,5,9,1620,2007,2008,315500
1104,684.0,Av,0,1104,304,1788,2,11250,0,5,4,1104,1957,1989,161500
913,0.0,Gd,187,0,240,913,2,8400,0,5,6,814,1966,1966,129000
2073,0.0,No,790,589,500,2073,2,13175,0,6,6,1542,1978,1988,210000
764,677.0,No,0,776,492,1441,3,2645,0,5,8,776,1999,2000,174000
815,875.0,No,0,815,225,1690,2,8850,0,6,7,815,1916,1950,144000
1437,0.0,No,988,200,576,1437,2,14175,0,6,5,1188,1956,1987,168000
2156,0.0,No,297,1203,508,2156,2,20781,80,7,7,1568,1968,2003,262500
864,0.0,No,468,396,0,864,2,5604,0,6,5,864,1925,1950,98000
536,576.0,No,129,175,336,1112,2,2592,0,3,5,536,1976,1976,85000
1122,1121.0,No,700,0,746,2243,3,13474,44,5,7,700,1990,1991,225000
810,518.0,No,0,686,210,1328,2,9906,172,4,4,686,1925,1950,107000
968,0.0,No,0,656,216,968,2,10800,0,6,4,656,1927,2007,64500
698,698.0,No,0,698,384,1396,2,8730,0,7,6,698,1915,2003,153575
1856,0.0,Av,1445,411,834,1856,1,11394,0,2,9,1856,2010,2010,394432
1610,551.0,No,1288,294,789,2161,1,10562,120,5,8,1582,2007,2007,325624
1602,0.0,No,1246,356,529,1602,3,16635,0,7,6,1602,1977,2000,215000
630,672.0,No,0,630,280,1302,2,1680,0,5,5,630,1971,1971,112000
807,702.0,No,457,326,393,1509,3,7861,75,5,6,783,2002,2003,183200
912,0.0,No,737,175,352,912,2,12968,0,6,5,912,1962,1962,144000
1004,n/a,No,399,605,420,1664,2,5000,24,7,6,1004,1947,1950,159000
1390,304.0,No,423,758,576,1694,2,8400,0,5,6,1181,1925,1950,136500
747,0.0,No,0,747,220,747,2,4608,0,6,4,747,1945,1950,80000
1040,0.0,None,0,0,420,1040,2,7200,29,5,4,0,1950,1950,109900
831,829.0,No,0,831,493,1660,3,8935,68,5,7,831,2002,2002,195000
1026,665.0,No,218,808,308,1691,3,5000,0,6,5,1026,1924,1950,127000
864,0.0,No,398,317,720,864,3,7200,0,8,5,864,1950,2002,129000
752,0.0,No,623,0,264,752,2,7175,0,5,6,744,1984,1984,125000
963,829.0,No,361,602,564,1792,3,12435,96,5,7,963,2001,2001,231500
764,862.0,No,0,764,474,1626,3,2628,27,5,7,764,2003,2003,175500
1484,0.0,Av,428,1048,472,1484,1,9037,33,5,8,1476,2006,2006,265900
1675,1818.0,No,0,1470,870,3493,3,18386,0,9,7,1470,1880,2002,295000
1652,0.0,No,1572,80,840,1652,1,13173,102,5,9,1652,2006,2007,325000
1276,0.0,No,0,1276,350,1276,2,9571,0,3,5,1276,1958,1958,60000
1112,n/a,No,120,736,271,1668,2,9600,0,8,6,856,1950,2005,140000
720,472.0,No,0,720,0,1192,2,10800,0,4,4,720,1949,1950,135000
884,0.0,Av,747,0,504,884,3,9180,0,7,5,840,1983,1983,144000
1180,n/a,Gd,1065,92,454,2062,2,14364,55,5,7,1157,1988,1989,277000
827,0.0,None,0,0,392,827,2,7200,0,7,5,0,1955,2007,107500
1136,883.0,No,0,728,532,2019,3,11414,135,8,7,728,1910,1993,167500
616,688.0,Mn,0,264,336,1304,2,2665,24,6,5,264,1976,1976,115000
684,684.0,No,0,684,216,1368,2,3600,158,7,6,684,1910,1993,114504
840,765.0,No,0,840,379,1605,2,5790,0,6,3,840,1915,1950,107400
2020,0.0,No,1436,570,900,2020,1,12220,54,5,10,2006,2009,2009,402861
625,625.0,No,0,625,528,1250,3,4251,54,5,7,625,2006,2007,164700
1624,0.0,No,1456,168,757,1624,3,12461,114,5,8,1624,1994,1995,262000
845,0.0,No,565,280,360,845,2,7599,0,6,4,845,1982,2006,129500
1389,0.0,Av,1071,195,418,1389,2,10010,38,5,5,1389,1974,1975,170000
968,0.0,No,0,968,480,968,2,8520,0,6,5,968,1923,2006,100000
546,546.0,No,0,546,286,1092,2,2001,0,5,4,546,1970,1970,75000
848,0.0,Av,685,163,420,848,3,4435,0,5,6,848,2003,2004,144000
1269,0.0,No,374,363,308,1269,2,7931,0,6,5,1269,1960,1960,155000
1092,0.0,No,170,252,288,1092,2,11616,20,5,5,1092,1962,1962,139000
1468,795.0,No,795,0,539,2263,3,16659,250,7,7,795,1977,1994,235000
952,0.0,No,228,724,283,952,2,8475,0,7,4,952,1956,1956,135750
736,716.0,No,0,736,0,1452,2,4456,0,5,4,736,1920,2008,113000
1039,0.0,Mn,841,198,504,1039,2,11625,0,4,5,1039,1965,1965,131500
1204,0.0,No,866,338,412,1204,2,4500,247,5,6,1204,1998,1998,162000
1117,0.0,Av,422,480,672,1117,2,7819,0,5,6,1029,1976,1976,107000
2196,0.0,Mn,485,1496,701,2196,3,14684,70,7,7,2158,1990,1991,271900
985,0.0,Av,595,390,328,985,2,8385,0,8,5,985,1977,1977,149900
1629,0.0,No,1124,1603,880,1629,3,10655,0,5,8,3206,2003,2004,284000
877,600.0,No,0,861,216,1477,2,6292,50,7,7,861,1928,1950,145000
980,0.0,No,560,420,484,980,2,7064,0,6,5,980,1977,1977,135000
1166,1129.0,No,728,367,590,2295,3,13346,40,5,7,1095,1992,2000,268000
900,602.0,No,0,602,180,1502,3,10592,0,7,6,602,1923,1996,165000
1575,626.0,Av,0,697,432,2201,3,19690,236,7,6,697,1966,1966,274970
1050,1028.0,No,789,245,836,2078,1,10800,102,5,8,1034,2007,2008,339750
800,0.0,No,0,264,0,800,0,6120,0,3,2,264,1936,1950,60000
1578,0.0,No,0,1573,840,1578,1,9262,36,5,8,1573,2008,2009,287090
1932,0.0,Av,1336,596,774,1932,1,12444,66,5,8,1932,2008,2008,394617
1507,0.0,No,666,409,404,1507,2,7910,0,5,5,1075,1960,1960,127000
900,0.0,No,450,432,280,900,2,9819,0,5,5,882,1967,1967,122000
1718,n/a,Gd,1172,528,786,1718,1,12456,48,5,10,1700,2006,2007,337500
1089,661.0,No,0,636,240,1750,1,9000,0,6,5,636,1880,1991,124000
1383,1015.0,No,719,660,834,2398,3,11787,60,5,7,1379,1996,1997,315750
774,1194.0,No,0,774,680,1968,1,12003,75,5,8,774,2009,2010,269500
1536,0.0,Av,810,726,532,1536,3,9135,74,5,7,1536,2002,2003,214000
864,0.0,No,203,661,200,864,2,8212,0,3,3,864,1914,1950,58500
3228,0.0,No,1231,1969,546,3228,3,12692,75,5,8,3200,1992,1993,430000
1518,631.0,No,1351,83,670,2149,3,12822,43,5,7,1434,2003,2003,239686
1320,1320.0,No,0,1240,864,2640,3,11700,0,7,7,1240,1880,2003,265979
1682,0.0,No,0,1304,530,1682,2,10400,0,6,7,1304,1970,1970,174000
1038,1060.0,Mn,0,1030,878,2098,1,10240,52,5,8,1030,2005,2005,275500
864,0.0,No,553,0,360,864,2,8281,0,5,5,864,1965,1965,62383
1168,800.0,Av,562,29,530,1968,2,11075,189,4,5,784,1969,1969,172000
1097,n/a,No,338,702,480,1097,2,9672,0,5,6,1040,1984,1985,152000
684,512.0,Mn,0,684,528,1196,3,12354,46,8,6,684,1920,2000,110000
1252,668.0,No,57,554,451,1920,3,13650,0,5,5,1052,1958,1958,172500
1728,0.0,No,231,1497,576,1728,2,13101,0,5,5,1728,1965,1965,142600
1128,903.0,No,804,324,577,2031,3,9473,211,5,8,1128,2002,2002,237000
1196,0.0,No,616,580,297,1196,2,9000,44,5,6,1196,1956,1956,139000
803,0.0,Av,116,604,360,803,2,5000,0,6,5,720,1941,1950,87000
780,840.0,No,493,0,462,1620,2,10793,0,5,5,780,1969,1969,152000
2097,0.0,Mn,1721,356,1134,2097,1,20896,267,5,8,2077,2005,2006,423000
1869,0.0,No,0,1869,617,1869,1,7820,54,5,9,1869,2007,2007,318061
956,930.0,No,0,930,431,1886,3,11214,0,5,7,930,1998,1999,199900
480,0.0,Av,50,430,308,480,2,9000,0,3,2,480,1949,1950,35311
1296,0.0,None,0,0,516,1296,2,10791,0,5,4,0,1967,1967,90000
816,0.0,Mn,690,126,288,816,2,8877,0,6,4,816,1938,1958,100000
1601,n/a,No,704,567,478,1601,2,11880,0,5,7,1271,1978,1978,157000
962,830.0,No,0,936,451,1792,2,10261,0,5,6,936,2000,2000,186500
1352,1168.0,No,1012,326,796,2520,3,14541,55,7,8,1338,1993,1993,310000
1144,0.0,Av,748,102,796,1144,2,8163,0,6,5,1144,1959,1959,143000
990,1611.0,No,0,612,621,2601,2,9842,0,6,5,612,1921,1998,189000
972,605.0,No,0,972,312,1577,0,6435,0,5,6,972,1939,1950,140200
970,0.0,No,630,340,624,970,2,8480,24,6,5,970,1963,1963,132500
2036,0.0,Gd,1236,80,513,2036,2,215245,0,5,7,2136,1965,1965,375000
1026,n/a,No,439,115,440,1026,3,7930,48,8,6,1026,1969,2005,156000
698,0.0,No,0,698,0,698,2,9405,200,9,5,698,1947,2008,118000
1533,0.0,Gd,655,878,576,1533,3,70761,54,5,7,1533,1975,1975,280000
854,0.0,No,360,360,660,1382,2,12358,0,6,5,720,1941,1950,128500
1391,0.0,Mn,16,1375,530,1391,3,4282,158,5,7,1391,2004,2004,196000
1078,0.0,Mn,49,0,240,1078,3,9717,0,6,5,1078,1950,1996,142125
1296,0.0,No,1005,262,471,1296,3,6853,25,5,8,1267,2001,2002,220000
1442,0.0,No,608,834,301,1442,2,9750,0,6,6,1442,1958,1958,157900
1024,940.0,Av,0,940,0,1964,2,8525,192,6,5,940,1911,1950,130000
1502,0.0,No,0,1502,644,1502,3,9541,114,5,7,1502,2009,2009,233170
1392,0.0,No,1040,352,458,1392,2,11900,0,5,6,1392,1957,1957,166000
1768,0.0,No,0,1768,0,1768,2,10778,0,5,4,1768,1968,1968,136500
1582,0.0,Av,812,812,390,1582,2,36500,198,5,5,1624,1964,1964,190000
958,0.0,Mn,498,460,301,958,2,12772,0,8,6,958,1960,1998,151500
894,0.0,Av,777,117,600,894,2,7200,0,5,5,894,1972,1972,123000
1224,0.0,No,883,341,402,1224,2,4500,304,5,6,1224,1999,1999,165000
1742,590.0,Av,1280,402,846,2332,1,12474,134,5,10,1682,2007,2008,426000
1269,0.0,No,24,1232,430,1269,3,3182,20,5,8,1256,2004,2005,192000
1776,0.0,Gd,80,1652,712,1776,3,15306,0,5,8,1732,2006,2007,283463
728,728.0,No,0,728,390,1456,3,8461,24,5,6,728,2005,2006,163990
1194,0.0,Mn,655,0,539,1194,2,8910,0,6,6,655,1959,1959,159500
1008,0.0,No,643,365,240,1008,3,8923,18,7,5,1008,1953,2006,134500
1555,0.0,Av,16,1357,430,1555,3,3182,20,5,7,1373,2005,2006,192500
892,892.0,Mn,0,747,180,1784,2,13132,40,5,5,747,1914,1950,138887
1108,0.0,No,0,637,280,1108,3,7449,0,7,7,637,1930,1950,139400
754,640.0,No,0,384,400,1394,3,9735,0,5,5,384,2006,2007,167500
980,734.0,No,394,586,496,1714,2,10421,66,5,7,980,1988,1988,196500
882,0.0,None,0,0,294,882,2,8339,0,7,5,0,1959,1959,106500
1306,0.0,No,0,728,0,1306,0,5350,0,2,3,728,1940,1966,76500
626,591.0,No,0,626,288,1217,2,10762,28,6,6,626,1980,1980,120000
990,0.0,No,495,495,299,990,2,8775,64,5,5,990,1994,1994,126000
1132,1320.0,Av,0,1117,691,2452,3,13418,32,5,8,1117,2004,2005,309000
848,0.0,Av,685,163,420,848,3,4435,0,5,6,848,2003,2003,140000
697,672.0,No,551,121,300,1369,2,6629,0,6,6,672,1925,1950,103600
1218,0.0,No,27,1191,676,1218,3,7862,102,5,6,1218,2009,2009,208300
1423,748.0,No,0,588,672,2555,2,11526,0,7,6,588,1922,1994,191000
1247,0.0,No,1039,208,550,1247,3,3316,84,5,8,1247,2005,2005,197000
1542,1330.0,No,896,434,619,2872,2,12227,282,7,6,1330,1977,1995,272000
1652,0.0,Gd,1480,120,482,1652,3,5587,53,5,8,1600,2008,2008,392500
1844,0.0,No,705,1139,546,1844,2,11751,122,6,6,1844,1977,1977,190000
1113,858.0,Mn,341,772,689,1971,3,9675,48,5,7,1113,2005,2005,253000
1007,793.0,No,0,982,463,1800,2,8123,63,5,6,982,2000,2000,179000
1062,887.0,No,750,300,574,1949,3,9938,90,5,7,1050,1993,1994,236000
630,0.0,Av,150,0,0,630,2,1491,24,6,4,630,1972,1972,75500
1494,0.0,Mn,922,572,530,1494,3,12803,36,5,7,1494,2002,2002,221000
600,n/a,No,0,600,0,968,2,5925,0,6,3,600,1910,1950,37900
1274,0.0,No,925,349,508,1274,3,8814,98,5,7,1274,2005,2007,203000
1520,0.0,Av,674,350,364,1520,2,9600,0,6,6,1156,1955,1972,153000
1285,0.0,No,0,660,528,1285,2,8197,0,5,6,660,1977,1977,143500
807,702.0,No,0,783,393,1509,3,7875,75,5,7,783,2003,2003,180000
1142,793.0,No,0,793,550,1935,2,12384,113,7,7,793,1976,1976,197900
816,0.0,Av,816,0,0,816,2,11841,32,5,6,816,1990,1990,118500
1200,0.0,No,833,343,555,1200,3,10083,41,5,7,1176,2003,2003,184900
997,n/a,No,0,941,548,1470,2,8172,0,6,4,941,1954,1972,135000
1656,0.0,Gd,639,441,528,1656,2,31770,62,5,6,1080,1960,1960,215000
792,0.0,No,0,768,240,792,3,9022,0,8,5,768,1924,2006,109500
1694,0.0,No,0,1694,818,1694,3,12030,228,5,8,1694,2007,2007,318000
1800,0.0,Gd,1274,526,765,1800,3,14331,78,5,8,1800,2002,2002,312500
1422,915.0,No,0,662,560,2337,2,13600,57,5,5,662,1900,1950,90000
1168,678.0,Mn,196,844,315,1846,2,10496,0,6,6,1040,1949,1950,143000
1026,0.0,Gd,505,0,576,1026,2,10970,0,6,6,940,1978,1978,147000
904,0.0,No,0,876,408,904,2,7162,0,7,5,876,1966,1966,109900
1126,0.0,No,936,190,484,1126,2,17400,41,5,5,1126,1977,1977,160000
1136,1332.0,Av,970,166,872,2468,3,12099,154,5,8,1136,2004,2004,354000
988,0.0,Gd,938,0,540,988,2,21453,130,5,6,938,1969,1969,180000
1052,0.0,Av,1016,36,288,1052,2,8400,0,5,5,1052,1968,1968,138500
572,524.0,No,0,572,0,1096,2,9600,8,5,6,572,1924,1950,79000
1141,0.0,No,0,1141,484,1141,2,13072,0,5,6,1141,2005,2005,142500
1012,778.0,No,247,485,484,1790,2,10400,0,5,6,732,1972,1972,165150
1004,848.0,Mn,668,336,660,1852,3,9066,106,5,8,1004,1999,2000,230000
520,0.0,Av,490,30,0,754,2,6780,0,8,6,520,1935,1982,84500
624,720.0,No,0,624,513,1344,2,4571,0,5,5,624,1916,1950,98000
2207,0.0,Gd,912,1035,576,2207,2,19900,0,5,7,1947,1970,1989,180000
1307,1051.0,No,0,907,360,2358,2,45600,40,8,6,907,1908,1997,240000
1175,1540.0,No,575,487,831,2715,3,8963,204,9,8,1142,1976,1996,299800
1364,0.0,Av,659,705,484,1364,3,7052,36,5,7,1364,2005,2005,185850
1253,0.0,No,0,1237,402,1253,2,7875,21,5,7,1237,1995,1996,176000
1328,0.0,No,569,678,528,1328,2,9790,26,5,6,1328,1963,1963,143000
1422,0.0,No,0,978,286,1422,2,12342,0,5,5,978,1960,1978,139900
1186,800.0,No,454,314,486,1986,2,13600,42,6,7,768,1965,1990,205000
952,0.0,No,0,952,192,952,0,8854,98,6,6,952,1916,1950,121000
1660,0.0,Mn,1220,440,500,1660,3,10182,50,5,8,1660,2006,2006,290000
2234,0.0,No,1904,312,1166,2234,1,17423,60,5,9,2216,2008,2009,501837
790,0.0,Mn,384,384,160,790,2,6292,141,5,6,768,1930,1950,91000
1340,0.0,Av,24,1316,396,1340,3,8899,30,5,7,1340,2007,2007,181134
1610,0.0,Mn,1200,410,480,1610,3,10603,68,7,6,1610,1977,2001,205000
1361,1259.0,No,498,652,600,2620,2,18890,24,5,5,1361,1977,1977,190000
1248,0.0,Av,16,1232,438,1248,3,3010,0,5,7,1248,2005,2006,167240
912,0.0,Mn,832,80,288,912,3,6768,0,8,6,912,1961,1996,142000
943,n/a,Gd,828,115,472,1638,2,9042,38,5,6,943,1998,1998,192000
1622,0.0,Av,1159,90,1356,1622,2,32463,0,4,4,1249,1961,1975,168000
1436,884.0,No,774,104,180,2320,3,7259,0,8,6,1028,1945,2002,259500
1144,0.0,No,572,572,456,1144,2,7875,0,6,5,1144,1961,1961,139950
848,672.0,No,182,611,281,1520,2,4500,0,5,5,793,1932,2000,159434
1516,0.0,No,196,975,472,1516,2,10004,0,6,6,1516,1964,1964,167000
1498,0.0,Mn,0,1498,675,1498,3,8990,33,5,7,1498,2006,2006,204900
804,1157.0,No,690,114,560,1961,3,12209,192,5,6,804,2001,2002,215000
728,728.0,No,0,728,440,1456,3,11103,0,5,7,728,2006,2006,155835
1207,1196.0,Mn,0,1032,349,2403,2,24090,0,7,7,1032,1940,1950,244400
1944,0.0,Gd,1274,622,708,1944,1,12378,175,5,9,1896,2003,2004,360000
1368,0.0,No,0,1368,474,1368,3,6955,35,5,7,1368,2005,2006,202500
882,908.0,No,633,240,588,1790,3,9179,88,5,7,873,1999,1999,193000
1476,1237.0,Av,1330,122,858,2713,1,14948,66,5,9,1452,2008,2008,446261
720,551.0,No,0,720,312,1271,2,21286,0,5,5,720,1948,1950,135000
1872,n/a,Av,929,916,604,1872,2,10400,39,5,7,1845,1988,1988,241500
1190,900.0,Mn,828,180,577,2090,3,5062,0,5,7,1190,1984,1984,207500
882,914.0,Mn,706,88,546,1796,2,9531,36,5,6,794,1998,1998,211000
1302,0.0,Av,0,1302,436,1302,3,8993,22,5,7,1302,2007,2007,176485
2524,0.0,No,1104,1420,542,2524,3,9600,120,5,8,2524,1981,1981,278000
840,534.0,No,315,420,338,1374,2,5400,0,6,4,840,1920,1950,105000
764,862.0,No,567,197,474,1626,3,2268,27,5,7,764,2003,2004,173000
735,299.0,No,0,735,240,1034,2,10134,39,6,5,735,1940,1950,109000
1518,n/a,Gd,1218,300,588,1518,1,12677,140,5,8,1518,2003,2004,274000
1226,592.0,No,224,816,240,1818,2,7758,0,4,7,1040,1931,1950,169500
1661,0.0,No,0,1649,598,1661,3,12137,34,5,7,1649,1998,1998,224900
1096,895.0,Mn,297,0,432,1991,2,11275,0,7,6,854,1932,1950,220000
832,650.0,No,624,26,324,1482,2,9000,0,9,7,650,1920,1988,143000
1742,0.0,Gd,1148,594,564,1742,3,6563,28,5,8,1742,1985,1985,275000
686,564.0,No,0,686,280,1250,0,8248,0,7,5,686,1918,1950,116000
816,0.0,No,0,816,528,1176,2,6240,0,6,6,816,1934,1950,114500
927,988.0,Mn,789,119,506,1915,3,10041,150,5,8,908,1992,1992,220000
1192,403.0,No,388,552,240,1595,2,8400,0,5,6,940,1940,2000,140000
1661,0.0,Av,831,161,377,1661,3,9600,28,6,6,992,1955,1996,165500
832,1103.0,No,544,288,552,1935,2,8004,150,5,8,832,2009,2009,263435
1795,0.0,No,0,1777,534,1795,3,9742,159,5,8,1777,2002,2002,230000
847,1081.0,No,0,847,434,1928,3,8200,48,5,7,847,2003,2004,219500
1159,0.0,No,673,378,336,1159,2,11553,0,5,5,1051,1968,1968,158000
855,601.0,No,311,544,440,1456,2,2280,0,5,6,855,1978,1978,146000
1137,817.0,No,341,457,431,1954,3,15660,119,9,7,798,1939,2006,311500
2028,0.0,Gd,1460,408,880,2028,3,11443,66,5,8,1868,2005,2006,369900
2898,0.0,Av,1165,0,665,2898,3,15498,72,6,8,1565,1976,1976,287000
814,860.0,No,533,281,663,1674,3,7500,96,5,7,814,2000,2000,216000
974,0.0,Mn,212,762,0,974,2,10712,28,5,5,974,1991,1992,93500
1091,898.0,Mn,932,133,586,1989,3,11367,60,5,8,1065,2002,2002,255000
1080,1017.0,No,50,499,678,2097,3,11228,187,5,7,1080,1993,1993,228000
1442,0.0,No,0,1424,500,1442,2,11851,34,5,7,1424,1990,1990,180500
1130,n/a,No,821,299,720,1130,2,10800,0,6,5,1120,1920,1950,120000
1133,687.0,No,329,697,240,1820,2,9120,100,6,7,1026,1925,1950,184000
1378,741.0,No,0,689,583,2119,2,10448,104,6,6,689,1972,1972,158000
1264,1312.0,No,0,1234,666,2576,1,12438,100,5,8,1234,2006,2006,361919
780,240.0,No,0,780,0,1020,2,6342,0,8,5,780,1875,1996,94000
1095,679.0,No,0,1095,779,1774,2,9600,0,2,4,1095,1900,1950,87000
904,0.0,Gd,350,333,0,904,0,10020,0,1,1,683,1922,1950,61000
673,709.0,No,641,32,490,1382,3,2651,50,5,7,673,2000,2000,165000
1518,1518.0,Mn,0,1107,840,3608,1,22950,260,9,10,1107,1892,1993,475000
1178,1032.0,Mn,0,1008,205,2210,0,9900,48,4,6,1008,1880,1950,117500
806,766.0,No,0,806,373,1572,2,10364,40,5,6,806,1995,1996,168000
1824,0.0,Gd,1219,424,739,1824,3,115149,48,5,7,1643,1971,2002,302000
1056,0.0,No,775,281,304,1056,2,8450,85,6,5,1056,1968,1968,142000
949,272.0,No,392,392,392,1221,2,9738,0,7,5,784,1924,1950,104900
1362,0.0,No,288,700,504,1362,2,10197,20,5,6,1362,1961,1961,163000
848,0.0,Gd,697,151,420,848,3,4426,0,5,6,848,2004,2004,141000
1434,0.0,No,20,1434,527,1434,3,8529,39,5,7,1454,2001,2001,189000
1208,n/a,No,664,544,628,1208,3,6762,54,5,7,1208,2007,2007,195400
1096,370.0,No,626,170,566,1466,3,10800,21,8,5,796,1936,1989,170000
1987,0.0,Gd,1314,672,691,1987,3,14303,36,5,8,1986,1994,1994,301500
1325,1093.0,Gd,1173,138,983,2418,3,10542,154,5,7,1311,1993,1994,341000
1314,0.0,No,904,410,626,1314,3,5063,62,5,7,1314,2007,2008,207500
970,739.0,No,0,970,380,1709,3,2522,40,5,7,970,2004,2004,137500
672,546.0,No,0,672,0,1218,2,1680,0,5,6,672,1971,1971,91500
1440,1440.0,No,256,1184,0,3395,0,10896,110,7,6,1440,1914,1995,200000
1200,0.0,Gd,1200,0,0,1200,2,10800,0,5,5,1200,1987,1988,179000
912,0.0,No,111,522,297,912,2,7535,285,7,5,912,1958,1985,120000
2444,1872.0,Gd,1455,989,832,4316,1,21535,50,6,10,2444,1994,1995,755000
856,854.0,No,706,150,548,1710,3,8450,61,5,7,856,2003,2003,208500
1234,1140.0,No,0,1181,656,2374,1,11999,100,5,8,1181,2003,2004,285000
860,704.0,No,275,429,234,1564,0,12000,0,7,7,704,1941,1950,174500
1466,0.0,No,176,1290,528,1466,0,17755,140,4,5,1466,1959,1959,149900
1383,0.0,No,565,818,292,1383,2,11600,45,5,6,1383,1960,1960,145250
1535,0.0,None,0,0,410,1535,2,7018,0,5,5,0,1979,1979,118964
990,0.0,No,716,274,576,990,2,13568,0,5,5,990,1995,1995,156000
918,728.0,No,364,554,240,1646,2,7128,0,5,7,918,1941,1950,164000
908,1020.0,No,0,1020,440,1928,0,9142,60,8,6,1020,1910,1950,137000
1040,685.0,No,315,114,550,1725,2,11584,88,6,7,539,1979,1979,197000
2129,743.0,No,700,983,541,2872,3,10678,33,5,8,1683,1992,2000,285000
1092,1020.0,Mn,500,176,576,2112,2,11075,0,5,6,952,1969,1969,206900
757,567.0,No,672,0,240,1324,2,6000,0,6,4,672,1936,1950,128000
520,600.0,No,0,600,480,1200,3,3180,166,5,7,600,2005,2005,144152
672,672.0,No,456,216,468,1344,2,10690,128,7,5,672,1920,1997,147000
840,828.0,No,0,840,500,1668,3,11317,68,5,7,840,2003,2003,180000
1040,0.0,None,0,0,400,1040,2,8544,0,4,3,0,1950,1950,93500
900,0.0,Mn,234,180,576,900,3,7200,32,7,5,900,1951,2000,134800
1559,0.0,No,338,1221,812,1559,2,8100,116,6,5,1559,1948,1973,153500
948,0.0,No,492,372,248,948,2,10215,0,5,4,864,1954,1954,111000
923,n/a,No,543,261,264,923,2,8012,0,5,6,923,1980,1980,143000
1552,0.0,Av,24,1528,782,1552,3,10084,20,5,7,1552,2005,2006,212900
961,n/a,No,216,540,642,1717,3,9550,35,5,7,756,1915,1970,140000
1721,0.0,No,570,891,440,1721,2,10335,96,6,5,1461,1968,1993,180000
483,504.0,No,330,153,264,987,2,1680,0,5,6,483,1973,1973,100000
1200,0.0,No,334,322,521,1200,3,11249,26,5,6,1200,1995,1995,177500
1148,568.0,No,292,476,281,1716,2,11409,0,4,5,768,1949,2008,131000
894,0.0,No,553,224,336,894,2,8450,144,8,5,894,1965,2009,138500
1771,0.0,None,0,0,336,1771,2,21750,0,4,5,0,1960,2006,115000
1173,0.0,Gd,885,0,528,1173,3,10625,120,6,7,1053,1974,1974,170000
1287,0.0,No,72,733,576,1287,3,9830,17,7,5,1063,1959,2006,162000
1382,0.0,No,547,504,459,1382,2,11235,82,5,4,1051,1963,1979,148000
1214,1306.0,No,565,638,721,2520,3,9950,114,5,7,1203,1995,1995,290000
1215,0.0,No,585,630,297,1215,2,12400,0,7,6,1215,1958,1998,155000
1203,1323.0,No,740,425,844,2526,3,10120,78,5,8,1165,1994,1994,290000
600,600.0,No,0,600,480,1200,3,3182,172,5,7,600,2004,2005,151000
1728,0.0,No,1606,122,560,1728,2,9297,0,5,5,1728,1976,1976,188000
902,808.0,No,0,576,480,1710,2,10300,11,6,7,576,1921,1950,140000
1407,985.0,No,1074,322,870,2392,3,9452,70,5,8,1396,1997,1998,348000
1014,730.0,No,402,594,457,1744,3,9453,70,7,7,996,1993,2003,194500
822,843.0,No,0,813,562,1665,3,8125,0,6,7,813,2007,2007,205950
1282,1414.0,Av,984,280,792,2696,1,9965,184,5,7,1264,2007,2007,383970
864,0.0,No,616,248,528,864,2,9000,0,6,4,864,1971,1971,120500
672,0.0,No,344,328,234,672,2,9340,113,6,4,672,1941,1950,113000
1320,0.0,Av,328,285,564,1320,2,11777,68,6,5,1164,1966,1966,164500
958,n/a,No,120,958,440,958,2,4928,205,5,6,1078,1976,1976,128000
1710,0.0,Mn,0,1710,550,1710,3,12118,48,5,7,1710,2004,2005,240000
1265,0.0,Gd,633,586,502,1265,3,9350,92,8,5,1219,1965,1999,179900
1456,0.0,Gd,0,1273,400,1456,3,3196,20,5,8,1273,2003,2003,215000
1067,472.0,No,0,927,576,1539,2,6120,0,6,5,927,1936,1950,141500
1959,0.0,No,0,1907,766,1959,2,11070,0,5,7,1907,1988,1989,171000
1008,0.0,No,0,1008,0,1522,2,6000,0,5,5,1008,1926,1950,102000
1124,0.0,None,0,0,0,1124,2,8335,36,5,5,0,1954,1954,93000
1107,983.0,Mn,859,216,484,2090,2,10382,204,6,7,1107,1973,1973,200000
1214,0.0,No,698,420,461,1214,2,9170,0,7,5,1214,1965,1965,140000
1779,0.0,Mn,306,372,454,1779,2,17920,418,4,5,1763,1955,1974,170000
1629,0.0,Av,1300,316,808,1629,3,14536,252,5,8,1616,2002,2003,270000
1554,0.0,Mn,24,1530,627,1554,3,4590,73,5,8,1554,2006,2006,209500
993,1243.0,No,0,964,642,2236,3,13006,0,5,7,964,1997,1997,222000
796,0.0,No,0,796,0,796,2,3636,0,4,4,796,1922,1950,55000
840,840.0,No,0,840,308,1680,2,15576,0,7,6,840,1915,1976,177000
848,0.0,Av,686,162,420,848,3,4435,0,5,6,848,2003,2003,136500
1142,0.0,No,874,268,528,1142,2,4224,90,5,5,1142,1976,1976,134000
1252,0.0,Gd,429,93,564,1252,2,13500,0,7,6,1602,1960,1975,235000
1684,0.0,No,28,1656,564,1684,1,8849,72,5,9,1684,2005,2005,266000
2000,0.0,No,1464,536,888,2000,3,10386,0,5,8,2000,2004,2005,305900
1616,0.0,Av,0,1616,834,1616,3,8688,59,5,7,1616,2005,2005,232000
1299,573.0,Av,990,309,531,1872,1,11885,122,5,8,1299,2001,2001,261500
1042,534.0,No,0,1042,225,1576,2,6240,0,6,5,1042,1928,1950,149000
1175,807.0,Av,421,386,575,1982,3,11287,84,6,7,807,1989,1989,228500
988,0.0,No,534,246,276,988,2,7200,80,7,5,876,1950,1950,119000
1844,0.0,No,976,868,620,1844,3,10994,44,5,8,1844,2005,2006,257000
1258,0.0,No,656,602,528,1258,3,11040,0,7,6,1258,1971,2004,145000
1288,0.0,No,786,474,500,1288,1,14963,30,5,8,1260,1996,1996,245500
1634,0.0,No,0,1626,866,1634,3,11428,44,5,8,1626,2006,2006,250000
855,n/a,No,257,103,440,1322,2,2308,0,5,6,855,1974,1974,147000
707,707.0,Av,0,707,403,1414,3,9056,35,5,8,707,2004,2004,178000
1504,0.0,Gd,690,814,478,1504,3,11883,66,5,7,1504,1996,1996,203000
1670,0.0,No,0,1670,690,1670,3,14859,60,5,7,1670,2006,2006,240000
1516,651.0,Gd,125,36,518,2167,3,17542,47,7,7,1192,1974,2003,294000
1069,0.0,No,559,510,440,1069,2,4043,55,6,6,1069,1977,1977,140000
1072,0.0,Gd,547,0,525,1072,2,3675,44,5,6,547,2005,2006,140000
1572,0.0,Gd,1159,413,995,1572,2,35133,263,4,5,1572,1963,1963,186700
1188,561.0,No,1088,0,456,1869,2,8820,0,6,5,1088,1890,1996,124900
882,0.0,No,0,882,0,882,2,5500,0,6,4,882,1956,1956,103200
1922,0.0,Gd,1249,673,676,1922,3,14157,51,5,9,1922,2005,2006,377426
780,0.0,Av,632,148,352,780,2,7200,0,7,5,780,1972,1972,124900
1021,580.0,No,0,533,300,1601,2,13825,34,6,5,533,1958,1987,140000
1530,0.0,Av,1274,256,430,1530,3,16158,36,5,7,1530,2005,2005,260000
833,0.0,No,625,208,0,833,2,8780,0,5,5,833,1985,1985,112000
679,504.0,No,331,318,308,1183,2,6000,176,7,3,649,1948,2002,120000
1040,0.0,No,659,381,260,1040,2,6897,104,8,5,1040,1962,2010,127000
1466,1362.0,Gd,1150,316,1052,2828,3,9965,144,5,8,1466,2006,2007,424870
1032,220.0,No,280,752,288,1252,2,9600,0,5,6,1032,1950,1950,119000
1246,0.0,No,340,0,305,1246,3,7500,0,7,5,1246,1959,1994,154000
904,0.0,No,0,884,180,904,2,6000,0,7,6,884,1926,2004,119000
966,686.0,No,686,0,416,1652,2,10800,0,6,5,686,1915,1950,139000
1036,0.0,No,375,457,288,1268,2,12144,28,7,5,832,1949,1950,133000
1172,741.0,No,0,896,342,1913,2,7558,0,6,6,896,1928,1950,177000
1358,n/a,Mn,733,625,484,1358,3,6371,35,5,7,1358,2009,2010,224000
1657,0.0,No,1237,420,484,1657,2,12155,0,3,6,1657,1970,1970,163500
838,0.0,Mn,210,0,275,838,0,10267,0,7,6,816,1918,2000,130000
1022,1038.0,No,772,220,390,2060,3,8755,0,5,7,992,1999,1999,214000
764,862.0,No,573,191,474,1626,3,2448,27,5,7,764,2003,2004,154000
663,689.0,No,371,292,299,1352,2,9364,36,7,6,663,1969,1969,158000
968,408.0,No,368,359,240,1376,2,9492,0,5,5,768,1941,1950,105000
849,811.0,No,326,389,240,1660,2,11988,0,7,6,715,1934,1995,188700
616,796.0,No,0,616,432,1412,3,8499,36,5,6,616,2006,2007,156932
756,713.0,No,0,756,216,1469,2,10320,0,7,6,756,1906,1995,135000
774,656.0,No,0,384,400,1430,2,9967,0,5,7,384,2000,2000,170000
1094,0.0,Mn,500,594,495,1094,2,10452,0,5,6,1094,1953,1953,155000
1826,0.0,Gd,1422,392,758,1826,3,11302,75,5,8,1814,2005,2006,319000
672,252.0,Mn,0,672,576,924,2,8064,0,7,5,672,1949,2006,122900
1502,0.0,Av,368,0,528,1502,3,6820,54,5,8,1488,1985,1985,212000
616,1072.0,Gd,462,154,603,1688,3,12798,114,5,6,616,1997,1997,200000
1262,0.0,No,905,357,572,1262,3,7200,120,5,6,1262,2006,2006,185000
1905,0.0,No,0,1905,788,1905,1,11670,191,5,9,1905,2006,2006,320000
1153,878.0,Av,252,901,541,2031,3,11404,84,5,7,1153,1998,1999,222500
1350,0.0,No,0,1064,478,1350,2,10140,0,5,6,1064,1974,1974,165000
941,888.0,No,483,458,613,1829,3,9548,39,6,7,941,2003,2003,237000
965,0.0,No,641,187,300,965,2,7800,0,5,5,828,1965,1965,119900
672,252.0,No,348,324,280,924,0,12180,0,4,4,672,1941,1950,80000
1055,1208.0,No,0,1055,905,2263,3,9240,45,5,8,1055,2001,2002,287000
1236,872.0,No,626,501,540,2108,3,13728,0,7,6,1127,1935,1986,235000
1242,0.0,No,916,326,528,1242,2,9600,0,6,7,1242,1973,1973,175500
989,584.0,No,0,884,240,1573,3,6120,0,7,4,884,1935,1995,133000
884,1151.0,No,0,884,434,2035,3,9505,48,5,7,884,2001,2001,222500
1232,0.0,No,660,572,516,1232,2,11120,0,6,6,1232,1984,1984,162500
1098,866.0,No,403,400,483,1964,2,10480,69,6,7,803,1976,1976,205000
792,348.0,No,0,576,0,1140,2,8800,160,7,4,576,1910,2004,96500
894,0.0,No,702,192,450,894,3,9764,0,7,5,894,1967,2003,130000
1512,1142.0,Mn,619,435,619,2654,3,11029,65,7,6,1054,1968,1984,250000
768,0.0,Av,660,108,396,768,2,7200,0,8,5,768,1972,2003,133900
672,n/a,None,0,0,0,912,2,6240,0,5,4,0,1947,1950,80500
1040,1040.0,Av,650,390,504,2080,0,11606,0,5,5,1040,1969,1969,135000
1040,0.0,No,732,308,576,1040,3,12464,0,5,5,1040,1996,1996,152000
1149,467.0,Mn,370,779,216,1616,3,5400,0,7,6,1149,1926,2004,152000
1047,0.0,No,0,641,273,1047,2,10800,0,7,4,641,1885,1995,100000
1803,0.0,No,168,284,484,1803,2,13125,0,4,5,1134,1957,2000,155000
832,0.0,No,0,832,528,832,3,7227,0,6,6,832,1954,1954,105500
894,0.0,No,180,340,384,894,2,7094,0,5,5,894,1966,1966,125000
596,596.0,Mn,0,596,189,1192,2,6402,0,5,5,596,1920,1950,78000
1850,0.0,Gd,1261,572,772,1850,3,16033,112,5,9,1833,2004,2005,326000
899,0.0,No,450,414,288,899,3,7800,0,7,5,864,1967,2004,130000
892,0.0,No,340,524,264,892,2,9477,0,5,5,864,1966,1966,110000
1260,1031.0,Mn,1046,168,506,2291,2,7200,0,6,6,1214,1910,1998,133900
1075,1063.0,No,0,849,360,2138,2,8100,156,5,5,849,1898,1965,106000
926,678.0,No,0,926,470,1604,2,10839,36,5,6,926,1997,1998,181000
887,1134.0,No,0,868,422,2021,3,23257,100,5,7,868,2006,2006,274725
938,0.0,Av,280,167,308,938,2,9200,0,6,5,938,1975,1980,130250
912,514.0,No,0,912,216,1426,3,7642,240,8,7,912,1918,1998,189950
928,992.0,No,220,708,400,1920,2,11345,0,5,5,928,1948,1950,137000
1098,0.0,No,902,196,260,1098,2,7390,0,7,5,1098,1955,1955,135000
729,0.0,No,0,270,0,729,2,4130,0,6,3,270,1935,2003,52000
1252,0.0,No,0,1252,528,1252,3,10721,39,6,6,1252,1959,1959,142000
1584,0.0,No,0,1584,792,1584,2,8944,152,5,5,1584,1967,1967,124000
1506,0.0,No,0,1498,592,1506,1,14587,174,5,9,1498,2008,2008,264132
1709,0.0,Av,1238,460,506,1709,3,5119,65,5,9,1698,1999,2000,328900
1092,0.0,No,895,197,299,1092,2,14850,0,5,5,1092,1957,1957,141000
1746,0.0,Gd,1320,426,758,1746,1,14892,39,5,9,1746,2006,2007,377500
1304,983.0,No,603,701,667,2287,2,15593,21,4,7,1304,1953,1953,225000
789,0.0,No,0,768,200,789,2,10594,0,5,5,768,1926,1950,96500
1041,0.0,No,991,50,270,1041,2,9600,88,6,5,1041,1959,1959,124500
993,915.0,No,0,967,431,1908,3,14191,0,5,8,967,2002,2002,202900
1010,1257.0,No,0,1010,390,2267,3,8068,46,5,6,1010,2002,2002,200000
875,0.0,No,209,506,180,875,2,6120,0,7,5,715,1931,1993,105000
1526,0.0,Av,383,833,364,1526,2,8562,78,6,5,1216,1957,2002,144500
1567,0.0,Gd,1567,0,714,1567,3,9819,32,5,6,1567,1977,1977,196000
1734,1088.0,Gd,0,1734,1020,2822,1,13891,170,5,9,1734,2008,2009,582933
689,689.0,No,141,548,360,1378,3,9600,0,9,7,689,1928,2005,161000
1281,457.0,No,0,715,368,1738,2,12513,0,4,4,715,1920,2007,104900
1164,896.0,No,831,320,521,2060,2,10029,228,5,6,1151,1988,1989,211000
1128,0.0,No,812,124,286,1128,2,9000,0,5,5,936,1954,1954,118000
840,880.0,No,0,840,440,1720,3,8244,48,5,7,840,2004,2004,183500
1050,0.0,No,504,546,338,1050,2,9600,0,6,5,1050,1956,1956,128900
1114,0.0,No,814,300,576,1114,3,13695,78,5,6,1114,2003,2004,155000
1053,n/a,No,567,413,750,1053,1,8973,80,7,5,1008,1958,1991,150000
1593,0.0,Av,1153,440,682,1593,1,4923,120,5,8,1593,2001,2002,286000
1214,n/a,No,695,519,318,1214,2,10355,111,5,5,1214,1967,1967,143000
816,0.0,No,641,175,264,816,3,6600,0,9,5,816,1982,2008,130500
1535,0.0,None,0,0,400,1535,2,7018,0,5,5,0,1979,1979,118858
1360,1360.0,No,1036,140,795,3112,3,25419,16,4,8,1360,1918,1990,235000
1079,840.0,Av,0,1079,685,1919,3,15611,51,5,8,1079,2006,2006,233230
1097,0.0,No,0,1097,672,1097,2,10859,64,5,5,1097,1994,1995,145000
983,767.0,Mn,660,323,423,1750,2,12508,0,7,6,983,1940,1985,160000
483,504.0,No,0,483,288,987,2,1680,0,5,6,483,1972,1972,94500
981,0.0,No,282,664,576,981,2,10530,312,5,6,981,1971,1971,143250
1700,0.0,No,1018,380,447,1700,3,10552,38,5,5,1398,1959,1959,165500
816,0.0,No,708,108,308,816,2,7100,0,7,5,816,1957,1957,129900
944,896.0,No,666,278,622,1840,3,12420,45,5,7,944,2001,2001,230000
1291,1230.0,No,837,105,576,2521,2,3964,20,4,6,942,1973,1973,151400
1002,0.0,No,828,174,902,1002,2,8750,0,6,5,1002,1970,1970,148500
841,n/a,No,0,721,294,841,2,8400,0,4,4,721,1950,1950,82000
996,0.0,Av,747,189,564,996,3,9069,0,6,6,936,1992,1992,147000
1713,0.0,Av,1088,625,856,1713,1,9591,26,5,8,1713,2004,2005,274900
1412,0.0,Mn,1005,387,576,1412,3,11457,0,5,6,1392,1988,1988,175000
1236,0.0,No,600,312,923,1236,2,7407,158,7,6,912,1957,1996,149700
1040,0.0,Gd,633,431,648,1040,2,25286,0,5,4,1064,1963,1963,132250
1616,0.0,No,1180,415,608,1616,3,5389,152,5,8,1595,1995,1996,236500
1414,0.0,No,528,245,601,1414,2,11029,51,8,6,1184,1958,2002,176500
975,975.0,No,649,326,576,1950,3,7399,10,5,7,975,1997,1998,239000
1086,0.0,No,320,404,490,1086,2,10200,0,7,5,1086,1954,2003,144900
1072,504.0,Gd,1309,15,528,1576,3,21384,312,6,5,1324,1923,2004,223500
768,0.0,Av,619,149,624,768,2,7244,0,7,5,768,1970,1970,129500
1381,0.0,No,982,179,676,1381,3,9360,0,7,6,1161,1972,2006,197500
1284,885.0,No,0,1284,647,2169,3,9375,87,5,8,1284,2002,2002,228500
720,n/a,None,0,0,287,720,2,6627,0,6,3,0,1949,1950,72500
1584,1208.0,No,493,1017,520,2792,2,10440,547,7,6,1510,1920,1950,256000
936,0.0,No,0,936,576,936,2,6000,32,4,4,936,1953,1953,93000
1181,0.0,Av,920,38,588,1181,2,10012,0,5,4,1138,1972,1972,137500
1689,0.0,Av,0,1689,954,1689,3,9849,56,6,7,1689,2007,2007,248328
948,0.0,No,732,216,280,948,2,8190,36,6,4,948,1954,1954,119000
756,756.0,No,420,336,440,1512,3,2117,32,5,6,756,2000,2000,168500
894,0.0,No,492,402,450,894,2,8724,0,5,5,894,1968,1968,129000
932,920.0,No,822,78,644,1852,3,8640,108,5,7,900,2009,2009,252678
845,0.0,None,0,0,290,845,2,11500,0,3,4,0,1957,1957,84000
774,0.0,No,544,0,0,774,3,4270,0,6,3,544,1931,2006,79000
2053,1185.0,Av,816,1217,666,3238,3,14720,86,5,8,2033,1995,1996,410000
1232,n/a,Av,724,508,632,1232,3,7314,0,5,7,1232,2007,2007,194500
1164,0.0,No,0,1164,528,1164,2,9600,0,5,7,1164,1969,1969,140000
912,336.0,No,324,588,160,1248,2,9439,0,5,5,912,1930,1950,87000
1687,0.0,Av,353,60,572,1687,2,57200,0,5,5,747,1948,1950,160000
860,1100.0,No,625,235,440,1960,3,7851,48,5,6,860,2002,2002,216500
546,n/a,No,273,0,286,1092,2,2217,0,4,4,546,1970,1970,88000
894,0.0,No,552,342,400,894,2,9450,0,5,4,894,1954,1954,110000
1479,0.0,Av,1013,440,558,1479,3,10665,29,5,7,1453,2003,2003,226000
1060,0.0,Mn,188,204,270,1060,3,8246,90,8,5,1060,1968,2001,154000
1436,0.0,Mn,946,490,484,1436,3,8450,98,5,7,1436,2004,2004,210000
1044,0.0,Av,0,540,504,1044,0,8712,0,5,5,540,1952,1952,55993
880,888.0,Mn,390,490,320,1768,2,10800,341,7,7,880,1914,1970,163000
816,0.0,Av,538,278,432,816,2,5890,0,8,6,816,1930,2007,120500
774,656.0,No,250,134,400,1430,2,7750,0,5,7,384,2000,2000,180000
1867,0.0,No,379,470,303,1867,2,10708,0,5,5,1617,1955,1993,190000
1500,0.0,Av,1070,286,648,1500,3,4045,20,5,7,1356,2006,2006,246578
1100,0.0,No,419,375,312,1100,2,12493,0,5,4,1100,1960,1960,141000
816,0.0,Gd,546,270,264,816,2,8314,0,7,5,816,1982,1982,124500
1328,n/a,Gd,967,383,308,1328,2,16905,104,6,5,1350,1959,1959,170000
1728,568.0,Gd,1338,384,842,2296,1,13478,274,5,10,1722,2008,2008,451950
864,0.0,No,167,697,572,864,2,8172,0,7,5,864,1955,1990,115000
1266,0.0,No,0,1257,453,1266,3,7500,144,5,7,1257,2005,2005,176000
858,n/a,No,614,244,0,858,2,8125,0,4,4,858,1971,1971,88000
832,878.0,No,426,406,506,1710,3,9291,70,5,6,832,1993,1993,187000
772,351.0,No,0,732,264,1123,2,6060,0,5,4,732,1939,1950,100000
953,694.0,No,0,953,460,1647,2,7917,40,5,6,953,1999,2000,175000
874,0.0,No,510,354,288,874,2,9858,0,6,5,864,1968,1968,130000
1788,0.0,Av,0,1753,522,1788,1,11838,151,5,8,1753,2001,2001,236500
1839,n/a,No,1186,291,416,1839,3,14442,87,7,6,1477,1957,2004,257500
1088,780.0,No,381,399,484,1868,3,10304,96,7,5,780,1976,1976,197500
1712,0.0,No,528,1098,588,1712,2,8393,54,5,5,1626,1959,2005,145000
561,668.0,No,285,276,462,1229,2,1300,0,6,6,561,1980,1980,124000
1600,0.0,No,0,1566,890,1600,3,14230,56,5,8,1566,2007,2007,256300
916,684.0,Av,0,916,460,1600,2,8773,38,5,6,916,1997,1997,169000
896,448.0,No,0,896,240,1344,2,6240,114,4,5,896,1936,1950,115000
1126,0.0,Av,767,266,540,1126,1,15611,0,6,5,1126,1977,1977,175000
923,0.0,No,658,218,264,923,2,6951,0,5,5,876,1984,1985,119500
616,0.0,No,616,0,205,616,2,6000,0,7,5,616,1921,1950,89000
1800,0.0,No,0,1800,0,1800,2,8000,0,4,5,1800,1961,1961,141000
1505,0.0,No,1024,481,505,1505,2,12160,0,4,6,1505,1953,1953,149500
1647,0.0,Mn,1283,0,621,1647,3,12984,0,6,5,1430,1977,1977,217500
1132,0.0,No,1024,108,451,1132,3,7024,64,5,4,1132,2005,2005,176000
928,836.0,No,821,107,470,1764,3,15426,99,5,6,928,1997,1997,231500
1088,441.0,None,0,0,240,1529,2,8405,0,3,4,0,1945,1950,98000
1699,748.0,No,0,804,336,2447,3,9638,0,7,6,804,1919,1990,169000
1504,0.0,No,16,1330,457,1504,3,3182,0,5,7,1346,2005,2006,181000
1163,0.0,No,256,906,220,1163,2,5820,98,8,3,1162,1955,2005,126175
769,756.0,No,436,320,440,1525,3,2117,0,5,6,756,2000,2000,177000
935,0.0,No,560,0,288,935,2,13526,0,6,5,935,1965,1965,137000
813,0.0,No,0,813,270,813,3,5684,113,8,6,813,1930,2005,110000
1112,896.0,No,603,293,230,2008,1,7800,0,8,5,896,1948,2002,225000
1532,797.0,No,1085,390,514,2329,3,11839,121,5,7,1475,1990,1990,262280
910,648.0,No,420,490,282,1558,2,13710,0,5,5,910,1950,1950,152000
832,832.0,No,194,638,528,1664,2,10140,28,5,7,832,1976,1976,162900
2110,0.0,No,1065,1045,522,2110,1,11160,0,5,7,2110,1968,1968,244000
905,881.0,No,648,176,684,1786,3,9337,162,5,6,824,1997,1997,204750
925,550.0,No,548,36,336,1475,2,2665,26,6,5,757,1977,1977,127000
811,576.0,No,0,811,256,1387,3,6000,0,4,5,811,1954,1954,93000
976,732.0,No,0,976,380,1708,3,3363,40,5,7,976,2004,2004,130000
1085,649.0,No,600,312,440,1734,3,9786,0,7,6,912,1962,1981,159000
1766,648.0,No,664,290,520,2414,2,10800,0,4,5,954,1900,1970,160000
933,975.0,No,642,273,493,1908,3,8750,133,5,7,915,1994,1995,210000
1283,0.0,No,504,319,506,1283,2,7763,0,7,5,931,1962,1980,140000
1212,0.0,No,0,1212,573,1212,3,9100,0,5,7,1212,2001,2001,178000
952,596.0,No,0,952,672,1548,1,7264,0,7,7,952,1925,2007,205000
980,n/a,Av,400,100,384,980,2,9750,0,5,5,980,1967,1967,135500
1811,n/a,No,296,230,470,1811,1,14115,0,7,6,1073,1956,2004,230000
1056,0.0,No,1056,0,384,1056,2,8900,42,4,4,1056,1966,1966,107000
1234,0.0,Av,0,1234,484,1234,3,11049,30,5,8,1234,2007,2007,179900
630,672.0,No,0,630,440,1302,2,2016,0,5,5,630,1970,1970,106000
1035,371.0,No,0,319,0,1406,0,7920,144,7,6,319,1920,1950,89500
858,0.0,Av,685,173,576,858,2,7252,0,5,5,858,1982,1982,134900
1182,1142.0,No,998,177,736,2324,1,11924,21,5,9,1175,2005,2006,345000
910,0.0,Av,0,105,414,910,3,8892,0,7,5,105,1953,1996,116000
798,813.0,Gd,674,0,442,1611,2,9760,128,6,6,780,1964,1964,167900
684,876.0,Av,0,684,400,1560,3,11911,38,5,6,684,2005,2005,174000
2020,0.0,None,0,0,630,2020,2,8400,0,5,5,0,1977,1977,144000
1338,0.0,Mn,616,722,582,1338,3,4920,0,5,8,1338,2001,2001,213500
1188,0.0,No,593,595,312,1188,2,26142,39,7,5,1188,1962,1962,157900
1459,0.0,No,0,1459,527,1459,3,8749,39,5,7,1459,2002,2002,192000
1306,954.0,Gd,1201,105,533,2260,3,14000,44,5,7,1306,1996,1997,328000
1430,0.0,No,0,1413,605,1430,3,16285,33,5,7,1413,2001,2002,187100
996,0.0,No,290,706,0,996,2,13907,0,6,5,996,1940,1969,108000
1092,0.0,No,787,305,504,1092,2,8250,0,7,6,1092,1964,1964,145000
625,625.0,No,0,625,625,1250,3,4017,54,5,7,625,2006,2007,171900
864,864.0,No,0,864,572,1728,3,9313,56,5,7,864,2004,2004,190000
924,0.0,No,0,924,280,924,2,7990,0,6,5,924,1975,1975,110000
1199,0.0,No,300,899,530,1199,3,7892,63,5,6,1199,1993,1993,153900
948,0.0,No,0,948,300,948,2,8978,0,5,5,948,1968,1968,108000
925,0.0,No,338,121,429,925,2,9100,0,6,5,925,1965,1965,117500
835,0.0,No,108,350,366,835,2,10625,0,5,5,458,1920,1950,83000
1580,886.0,No,0,1580,610,2466,3,11143,214,5,8,1580,2004,2005,340000
1216,941.0,No,445,479,487,2157,3,14200,66,6,7,924,1966,1966,226000
1060,0.0,No,840,200,572,1060,2,4224,110,7,5,1040,1976,1976,129900
2633,0.0,Gd,1282,1351,804,2633,1,11400,140,5,10,2633,2001,2002,466500
1048,n/a,No,0,993,280,1048,2,6380,0,6,5,993,1922,1950,113000
953,711.0,No,0,953,460,1664,2,8121,40,5,6,953,2000,2000,172400
784,0.0,No,0,784,360,784,2,9000,0,3,6,784,1928,1950,76000
1279,0.0,No,641,276,473,1279,2,10125,83,6,6,1196,1977,1977,171500
1229,0.0,No,1059,75,284,1229,2,17140,0,6,4,1134,1956,1956,135000
1268,0.0,No,540,728,244,1268,2,7800,98,6,5,1268,1954,1954,132000
1428,0.0,No,0,1428,480,1428,3,11639,120,5,7,1428,2007,2008,182000
1125,0.0,Av,631,410,352,1125,2,7200,0,6,6,1041,1976,1976,125000
1008,0.0,No,486,522,275,1008,2,11425,0,6,5,1008,1954,1954,137000
1630,0.0,Gd,0,1622,860,1630,1,10226,42,5,8,1622,2008,2008,295493
864,864.0,No,503,361,673,1728,3,8791,56,5,6,864,2003,2003,207500
1211,0.0,No,250,210,322,1211,2,8250,63,5,5,952,1968,1968,134000
1040,0.0,No,369,671,286,1040,2,7560,0,5,5,1040,1959,1959,133700
1707,0.0,No,0,1686,511,1707,2,16669,64,6,8,1686,1981,1981,228000
955,n/a,No,0,935,462,1632,2,9084,28,5,7,935,1998,1998,176500
1392,0.0,No,1302,90,528,1392,2,11341,0,6,5,1392,1957,1996,121500
1319,0.0,No,428,0,270,1319,2,10634,0,6,5,608,1953,1953,123000
742,742.0,No,0,742,390,1484,3,12589,24,5,6,742,2005,2005,174000
971,0.0,Gd,523,448,300,971,2,9920,0,6,5,971,1969,1969,128500
1062,0.0,Av,539,490,539,1062,2,11333,0,5,6,1029,1976,1976,146800
980,0.0,Gd,945,0,0,980,2,9400,0,5,6,945,1975,1975,127500
1405,0.0,No,0,1405,478,1405,3,3136,36,5,7,1405,2003,2003,171750
959,712.0,No,786,173,472,1671,2,10852,38,5,6,959,2000,2000,173000
1074,0.0,No,788,268,495,1074,2,10140,88,6,5,1056,1975,1975,153500
1547,720.0,None,0,0,672,2320,2,14762,144,6,5,0,1948,1950,169000
918,0.0,No,0,918,264,918,2,7892,0,5,6,918,1979,1979,99500
1437,0.0,Gd,1157,280,528,1437,3,10768,21,8,5,1437,1976,2004,218000
1069,0.0,No,360,709,440,1069,2,4043,55,5,6,1069,1977,1977,127500
829,727.0,No,298,429,441,1556,2,11700,0,6,6,727,1968,1968,154000
824,1070.0,No,624,193,510,1894,3,11316,40,5,7,817,2002,2003,214900
1973,0.0,Av,0,1935,895,1973,3,14226,45,5,8,1935,2006,2006,395000
1898,1080.0,No,0,710,564,2978,3,11275,0,7,7,710,1967,2007,242000
848,0.0,Av,662,186,420,848,3,4438,0,5,6,848,2004,2004,149000
804,670.0,No,0,384,400,1474,2,8530,72,5,7,384,1995,1996,168500
1056,0.0,No,480,108,260,1056,2,9250,0,7,5,1056,1954,2005,139400
902,0.0,Av,301,239,484,902,2,8885,0,5,5,864,1983,1983,131000
1032,0.0,Av,605,427,564,1032,2,10395,0,6,6,1032,1978,1978,148000
1077,0.0,No,0,961,338,1077,2,8967,0,2,5,961,1920,1950,67000
1235,0.0,No,600,635,480,1235,2,8500,0,3,5,1235,1961,1961,98600
1442,0.0,Mn,738,172,719,1442,3,10357,244,5,7,910,1990,1991,179900
483,504.0,No,387,96,264,987,2,1680,0,5,6,483,1971,1971,85400
1004,0.0,Gd,975,0,504,1004,2,10530,0,5,6,975,1977,1977,135000
1006,0.0,No,288,718,0,1006,2,9000,24,3,5,1006,1959,1959,80000
936,780.0,No,210,570,0,1716,0,5687,184,6,5,780,1912,2000,135900
860,n/a,No,0,860,565,1720,3,11645,70,5,7,860,2004,2004,196500
960,0.0,No,250,710,308,960,0,6000,0,4,4,960,1920,1950,108500
1604,0.0,No,1334,270,660,1604,3,8814,110,5,7,1604,2006,2006,220000
2217,0.0,Gd,351,1043,621,2217,3,15865,207,6,8,2217,1970,1970,268000
1844,0.0,Av,1110,734,540,1844,3,16381,73,5,6,1844,1969,1969,223000
799,772.0,No,0,799,380,1571,2,7837,40,7,6,799,1993,1994,178000
1479,0.0,No,0,1468,577,1479,3,9382,25,5,7,1468,1999,2000,191000
1619,167.0,Gd,1249,103,529,1786,2,164660,0,6,5,1499,1965,1965,228950
1632,0.0,No,620,0,338,1632,2,9600,0,6,6,1240,1958,1988,139000
866,902.0,Av,20,846,578,1768,3,10769,105,5,8,866,2007,2007,212000
1096,0.0,Mn,75,230,299,1096,2,15870,32,5,5,1096,1969,1969,138800
1236,857.0,No,0,791,542,2093,2,20544,63,6,7,791,1986,1991,215000
660,688.0,No,512,148,453,1348,2,7590,108,5,6,660,1966,1966,155000
728,728.0,Av,648,80,410,1456,3,8199,18,5,7,728,2005,2005,189000
1600,0.0,Gd,1277,207,319,1600,2,16321,258,6,5,1484,1957,1997,207500
1700,0.0,Av,340,1342,544,1700,3,9135,23,5,6,1682,2003,2003,200000
808,785.0,No,0,808,389,1593,2,9636,40,5,6,808,1992,1993,178000
1363,0.0,No,650,178,288,1363,2,14559,42,7,5,1008,1951,2000,164900
855,586.0,No,311,544,440,1441,2,2289,0,6,6,855,1978,1978,148500
1710,0.0,Gd,1400,310,866,1710,3,13891,102,5,8,1710,2007,2008,372402
1222,888.0,No,695,253,463,2110,3,8880,130,5,7,948,1994,2002,205000
725,754.0,No,533,192,475,1479,3,13517,44,8,6,725,1976,2005,130500
767,0.0,Av,584,0,367,767,2,4058,40,5,7,723,1998,1998,133000
664,n/a,Av,554,100,426,1496,3,17104,24,5,7,654,2006,2006,179665
1567,0.0,Av,1154,366,648,1567,1,3982,0,5,8,1520,2006,2006,264561
1148,0.0,Mn,210,219,308,1148,2,6420,0,7,5,980,1952,1952,123500
1120,850.0,Mn,0,1085,753,1970,1,11065,74,5,8,1085,2006,2006,281000
1453,1357.0,No,482,971,750,2810,3,9572,0,5,8,1453,1990,1990,302000
1470,n/a,No,986,484,696,2630,3,9200,66,5,8,1470,1998,1998,315000
1105,1169.0,No,443,662,480,2274,2,11600,0,5,5,1105,1960,1960,154300
1261,0.0,No,662,599,433,1261,2,9120,0,6,6,1261,1958,1958,163000
1486,0.0,No,637,849,480,1486,2,9937,0,7,5,1486,1964,1999,167000
773,0.0,No,570,203,240,773,2,7677,0,5,5,773,1953,1953,110000
1537,0.0,No,0,1319,462,1537,3,8400,36,9,6,1319,1962,2005,174000
866,913.0,Av,0,866,546,1779,3,10400,36,5,7,866,1998,1998,197900
1225,0.0,No,569,381,0,1225,2,9320,0,5,4,950,1959,1959,128950
848,0.0,Av,659,189,420,848,3,4435,0,5,6,848,2003,2003,131500
780,596.0,No,0,780,198,1376,2,8600,0,6,6,780,1937,1950,119500
742,729.0,No,381,348,440,1471,2,3230,24,5,6,729,1999,1999,172500
869,0.0,No,0,440,0,869,0,5900,0,7,4,440,1923,1958,85500
729,729.0,No,419,310,440,1458,2,3230,32,5,6,729,1999,1999,176000
894,0.0,No,762,102,440,894,2,13350,0,5,5,864,1974,1974,142500
885,833.0,No,0,832,427,1718,2,10141,94,5,7,832,1998,1998,185000
1701,0.0,Gd,1390,0,611,1701,2,16647,0,5,5,1390,1975,1981,171000
864,0.0,No,600,264,576,864,2,12735,0,5,4,864,1972,1972,111250
1094,761.0,No,0,528,512,1855,2,9600,100,7,6,528,1976,1994,187000
1651,0.0,No,1398,0,616,1651,2,12416,0,5,6,1606,1986,1986,184000
612,612.0,Av,0,612,528,1224,3,3951,234,5,6,612,2009,2009,164500
928,0.0,No,308,620,288,928,2,6000,0,6,5,928,1957,1957,112500
372,720.0,None,0,0,0,1092,0,5600,0,5,4,0,1930,1950,55000
832,809.0,No,16,712,546,1641,1,9600,0,7,7,728,1925,1990,178000
708,708.0,No,404,304,776,1416,2,11700,169,6,6,708,1968,1968,179900
1058,846.0,Av,546,512,736,1904,1,10927,60,5,8,1058,2005,2005,275000
936,0.0,No,248,448,308,936,2,5868,0,7,5,936,1956,2000,129000
716,840.0,No,81,23,452,1556,2,1950,0,6,6,716,1980,1980,151000
864,0.0,No,120,744,400,864,2,19138,0,5,4,864,1951,1951,141000
1654,0.0,No,986,668,900,1654,3,8125,136,5,7,1654,2002,2002,230000
1416,0.0,No,0,816,576,1416,3,25339,0,7,5,816,1918,2007,112000
1268,1097.0,Mn,1163,89,856,2365,3,9430,128,5,8,1252,1999,1999,337000
1067,0.0,No,442,625,436,1067,3,9600,0,7,4,1067,1950,1995,128000
1318,584.0,None,0,0,539,1902,2,8930,0,5,6,0,1978,1978,112000
1557,0.0,Gd,0,1374,420,1557,3,3196,20,5,7,1374,2003,2004,234000
1195,644.0,No,0,1195,486,1839,2,16770,81,5,7,1195,1998,1998,221000
